"Step","Group: 14_09_fixed_beta0.5against_0829_baseline - Training/alpha","Group: 14_09_fixed_beta0.5against_0829_baseline - Training/alpha__MIN","Group: 14_09_fixed_beta0.5against_0829_baseline - Training/alpha__MAX","Group: 14_09_fixed_beta0.1/adv_0.1/600/against_0829_baseline/0.995 - Training/alpha","Group: 14_09_fixed_beta0.1/adv_0.1/600/against_0829_baseline/0.995 - Training/alpha__MIN","Group: 14_09_fixed_beta0.1/adv_0.1/600/against_0829_baseline/0.995 - Training/alpha__MAX","Group: 09_09_fixed_beta0.9/adv_0.1/600/against_0829_baseline/0.995 - Training/alpha","Group: 09_09_fixed_beta0.9/adv_0.1/600/against_0829_baseline/0.995 - Training/alpha__MIN","Group: 09_09_fixed_beta0.9/adv_0.1/600/against_0829_baseline/0.995 - Training/alpha__MAX","Group: 10_09_continue0909 - Training/alpha","Group: 10_09_continue0909 - Training/alpha__MIN","Group: 10_09_continue0909 - Training/alpha__MAX"
"0","0.4000000059604645","0.4000000059604645","0.4000000059604645","0.4000000059604645","0.4000000059604645","0.4000000059604645","0.4000000059604645","0.4000000059604645","0.4000000059604645","0.4000000059604645","0.4000000059604645","0.4000000059604645"
"1","0.4000000059604645","0.4000000059604645","0.4000000059604645","0.4000000059604645","0.4000000059604645","0.4000000059604645","0.4000000059604645","0.4000000059604645","0.4000000059604645","0.4000000059604645","0.4000000059604645","0.4000000059604645"
"2","0.3285036087036133","0.3285036087036133","0.3285036087036133","0.3298536539077759","0.3298536539077759","0.3298536539077759","0.32823964953422546","0.32823964953422546","0.32823964953422546","0.3300619423389435","0.3300619423389435","0.3300619423389435"
"3","0.269763708114624","0.269763708114624","0.269763708114624","0.27225181460380554","0.27225181460380554","0.27225181460380554","0.26943841576576233","0.26943841576576233","0.26943841576576233","0.272840678691864","0.272840678691864","0.272840678691864"
"4","0.22147007286548615","0.22147007286548615","0.22147007286548615","0.22374187409877777","0.22374187409877777","0.22374187409877777","0.22112134099006653","0.22112134099006653","0.22112134099006653","0.22237470746040344","0.22237470746040344","0.22237470746040344"
"5","0.18171387910842896","0.18171387910842896","0.18171387910842896","0.18404164910316467","0.18404164910316467","0.18404164910316467","0.18141455948352814","0.18141455948352814","0.18141455948352814","0.18251968920230865","0.18251968920230865","0.18251968920230865"
"6","0.14916303753852844","0.14916303753852844","0.14916303753852844","0.1522921770811081","0.1522921770811081","0.1522921770811081","0.14885851740837097","0.14885851740837097","0.14885851740837097","0.14982688426971436","0.14982688426971436","0.14982688426971436"
"7","0.12245596945285797","0.12245596945285797","0.12245596945285797","0.1283426582813263","0.1283426582813263","0.1283426582813263","0.1221657320857048","0.1221657320857048","0.1221657320857048","0.12301866710186005","0.12301866710186005","0.12301866710186005"
"8","0.10051804035902023","0.10051804035902023","0.10051804035902023","0.1289413571357727","0.1289413571357727","0.1289413571357727","0.10024984180927277","0.10024984180927277","0.10024984180927277","0.1010187640786171","0.1010187640786171","0.1010187640786171"
"9","0.08254283666610718","0.08254283666610718","0.08254283666610718","0.13942395150661469","0.13942395150661469","0.13942395150661469","0.08228376507759094","0.08228376507759094","0.08228376507759094","0.08296095579862595","0.08296095579862595","0.08296095579862595"
"10","0.06780056655406952","0.06780056655406952","0.06780056655406952","0.15279394388198853","0.15279394388198853","0.15279394388198853","0.06756038218736649","0.06756038218736649","0.06756038218736649","0.06815864145755768","0.06815864145755768","0.06815864145755768"
"11","0.055686816573143005","0.055686816573143005","0.055686816573143005","0.1604205071926117","0.1604205071926117","0.1604205071926117","0.05547989159822464","0.05547989159822464","0.05547989159822464","0.05602092295885086","0.05602092295885086","0.05602092295885086"
"12","0.04578108713030815","0.04578108713030815","0.04578108713030815","0.1604570597410202","0.1604570597410202","0.1604570597410202","0.045551348477602005","0.045551348477602005","0.045551348477602005","0.046081919223070145","0.046081919223070145","0.046081919223070145"
"13","0.03765115886926651","0.03765115886926651","0.03765115886926651","0.1646314263343811","0.1646314263343811","0.1646314263343811","0.03742159903049469","0.03742159903049469","0.03742159903049469","0.03793859854340553","0.03793859854340553","0.03793859854340553"
"14","0.03100154735147953","0.03100154735147953","0.03100154735147953","0.1720912754535675","0.1720912754535675","0.1720912754535675","0.030749540776014328","0.030749540776014328","0.030749540776014328","0.03129624202847481","0.03129624202847481","0.03129624202847481"
"15","0.02556808479130268","0.02556808479130268","0.02556808479130268","0.17841683328151703","0.17841683328151703","0.17841683328151703","0.025278395041823387","0.025278395041823387","0.025278395041823387","0.025895636528730392","0.025895636528730392","0.025895636528730392"
"16","0.021208176389336586","0.021208176389336586","0.021208176389336586","0.18459400534629822","0.18459400534629822","0.18459400534629822","0.020798031240701675","0.020798031240701675","0.020798031240701675","0.021749326959252357","0.021749326959252357","0.021749326959252357"
"17","0.017972391098737717","0.017972391098737717","0.017972391098737717","0.18445748090744019","0.18445748090744019","0.18445748090744019","0.017124606296420097","0.017124606296420097","0.017124606296420097","0.018690748140215874","0.018690748140215874","0.018690748140215874"
"18","0.01605101302266121","0.01605101302266121","0.01605101302266121","0.18471305072307587","0.18471305072307587","0.18471305072307587","0.014155450277030468","0.014155450277030468","0.014155450277030468","0.01735452190041542","0.01735452190041542","0.01735452190041542"
"19","0.015600648708641529","0.015600648708641529","0.015600648708641529","0.17853212356567383","0.17853212356567383","0.17853212356567383","0.01173404324799776","0.01173404324799776","0.01173404324799776","0.01685798168182373","0.01685798168182373","0.01685798168182373"
"20","0.015170707367360592","0.015170707367360592","0.015170707367360592","0.17610232532024384","0.17610232532024384","0.17610232532024384","0.009868595749139786","0.009868595749139786","0.009868595749139786","0.01659233495593071","0.01659233495593071","0.01659233495593071"
"21","0.01566016860306263","0.01566016860306263","0.01566016860306263","0.17176903784275055","0.17176903784275055","0.17176903784275055","0.008842790499329567","0.008842790499329567","0.008842790499329567","0.016597969457507133","0.016597969457507133","0.016597969457507133"
"22","0.015788879245519638","0.015788879245519638","0.015788879245519638","0.16980591416358948","0.16980591416358948","0.16980591416358948","0.008617345243692398","0.008617345243692398","0.008617345243692398","0.01661057397723198","0.01661057397723198","0.01661057397723198"
"23","0.015364781953394413","0.015364781953394413","0.015364781953394413","0.16840603947639465","0.16840603947639465","0.16840603947639465","0.008852045983076096","0.008852045983076096","0.008852045983076096","0.01687493547797203","0.01687493547797203","0.01687493547797203"
"24","0.015653787180781364","0.015653787180781364","0.015653787180781364","0.16661082208156586","0.16661082208156586","0.16661082208156586","0.008750990964472294","0.008750990964472294","0.008750990964472294","0.016574328765273094","0.016574328765273094","0.016574328765273094"
"25","0.015867318958044052","0.015867318958044052","0.015867318958044052","0.16545410454273224","0.16545410454273224","0.16545410454273224","0.008921682834625244","0.008921682834625244","0.008921682834625244","0.01662791334092617","0.01662791334092617","0.01662791334092617"
"26","0.015201417729258537","0.015201417729258537","0.015201417729258537","0.16368922591209412","0.16368922591209412","0.16368922591209412","0.009362589567899704","0.009362589567899704","0.009362589567899704","0.016348427161574364","0.016348427161574364","0.016348427161574364"
"27","0.014574292115867138","0.014574292115867138","0.014574292115867138","0.16333889961242676","0.16333889961242676","0.16333889961242676","0.00946757011115551","0.00946757011115551","0.00946757011115551","0.016258293762803078","0.016258293762803078","0.016258293762803078"
"28","0.014000503346323967","0.014000503346323967","0.014000503346323967","0.16113199293613434","0.16113199293613434","0.16113199293613434","0.009432678110897541","0.009432678110897541","0.009432678110897541","0.015976738184690475","0.015976738184690475","0.015976738184690475"
"29","0.014110122807323933","0.014110122807323933","0.014110122807323933","0.15810681879520416","0.15810681879520416","0.15810681879520416","0.009070626460015774","0.009070626460015774","0.009070626460015774","0.015963807702064514","0.015963807702064514","0.015963807702064514"
"30","0.014484945684671402","0.014484945684671402","0.014484945684671402","0.160474494099617","0.160474494099617","0.160474494099617","0.008552808314561844","0.008552808314561844","0.008552808314561844","0.015853002667427063","0.015853002667427063","0.015853002667427063"
"31","0.014776596799492836","0.014776596799492836","0.014776596799492836","0.16022947430610657","0.16022947430610657","0.16022947430610657","0.008271893486380577","0.008271893486380577","0.008271893486380577","0.015633748844265938","0.015633748844265938","0.015633748844265938"
"32","0.01461722794920206","0.01461722794920206","0.01461722794920206","0.1594134420156479","0.1594134420156479","0.1594134420156479","0.008355021476745605","0.008355021476745605","0.008355021476745605","0.015466243028640747","0.015466243028640747","0.015466243028640747"
"33","0.014960954897105694","0.014960954897105694","0.014960954897105694","0.16157256066799164","0.16157256066799164","0.16157256066799164","0.00866030901670456","0.00866030901670456","0.00866030901670456","0.015410920605063438","0.015410920605063438","0.015410920605063438"
"34","0.015463300049304962","0.015463300049304962","0.015463300049304962","0.16353945434093475","0.16353945434093475","0.16353945434093475","0.008829391561448574","0.008829391561448574","0.008829391561448574","0.015177430585026741","0.015177430585026741","0.015177430585026741"
"35","0.015439024195075035","0.015439024195075035","0.015439024195075035","0.16164059937000275","0.16164059937000275","0.16164059937000275","0.008908398449420929","0.008908398449420929","0.008908398449420929","0.01509217731654644","0.01509217731654644","0.01509217731654644"
"36","0.015176676213741302","0.015176676213741302","0.015176676213741302","0.16359785199165344","0.16359785199165344","0.16359785199165344","0.008923163637518883","0.008923163637518883","0.008923163637518883","0.015327300876379013","0.015327300876379013","0.015327300876379013"
"37","0.015223078429698944","0.015223078429698944","0.015223078429698944","0.16868950426578522","0.16868950426578522","0.16868950426578522","0.008791548199951649","0.008791548199951649","0.008791548199951649","0.015252068638801575","0.015252068638801575","0.015252068638801575"
"38","0.015315238386392593","0.015315238386392593","0.015315238386392593","0.17032741010189056","0.17032741010189056","0.17032741010189056","0.009012715891003609","0.009012715891003609","0.009012715891003609","0.015252417884767056","0.015252417884767056","0.015252417884767056"
"39","0.015038536861538887","0.015038536861538887","0.015038536861538887","0.166513592004776","0.166513592004776","0.166513592004776","0.009082277305424213","0.009082277305424213","0.009082277305424213","0.015257539227604866","0.015257539227604866","0.015257539227604866"
"40","0.015341215766966343","0.015341215766966343","0.015341215766966343","0.17136511206626892","0.17136511206626892","0.17136511206626892","0.008967246860265732","0.008967246860265732","0.008967246860265732","0.01522635854780674","0.01522635854780674","0.01522635854780674"
"41","0.015611818991601467","0.015611818991601467","0.015611818991601467","0.17028771340847015","0.17028771340847015","0.17028771340847015","0.009217343293130398","0.009217343293130398","0.009217343293130398","0.01527472585439682","0.01527472585439682","0.01527472585439682"
"42","0.015763942152261734","0.015763942152261734","0.015763942152261734","0.1670883446931839","0.1670883446931839","0.1670883446931839","0.009087098762392998","0.009087098762392998","0.009087098762392998","0.01520820427685976","0.01520820427685976","0.01520820427685976"
"43","0.016039958223700523","0.016039958223700523","0.016039958223700523","0.1642090082168579","0.1642090082168579","0.1642090082168579","0.009046269580721855","0.009046269580721855","0.009046269580721855","0.01530594564974308","0.01530594564974308","0.01530594564974308"
"44","0.016024958342313766","0.016024958342313766","0.016024958342313766","0.16381734609603882","0.16381734609603882","0.16381734609603882","0.009242315776646137","0.009242315776646137","0.009242315776646137","0.015406519174575806","0.015406519174575806","0.015406519174575806"
"45","0.015594765543937683","0.015594765543937683","0.015594765543937683","0.16139371693134308","0.16139371693134308","0.16139371693134308","0.00938953086733818","0.00938953086733818","0.00938953086733818","0.015611698850989342","0.015611698850989342","0.015611698850989342"
"46","0.015480593778192997","0.015480593778192997","0.015480593778192997","0.16173185408115387","0.16173185408115387","0.16173185408115387","0.009487182833254337","0.009487182833254337","0.009487182833254337","0.01558722648769617","0.01558722648769617","0.01558722648769617"
"47","0.015235895290970802","0.015235895290970802","0.015235895290970802","0.16020582616329193","0.16020582616329193","0.16020582616329193","0.009193346835672855","0.009193346835672855","0.009193346835672855","0.01563330926001072","0.01563330926001072","0.01563330926001072"
"48","0.015429846942424774","0.015429846942424774","0.015429846942424774","0.16244319081306458","0.16244319081306458","0.16244319081306458","0.009215941652655602","0.009215941652655602","0.009215941652655602","0.015476024709641933","0.015476024709641933","0.015476024709641933"
"49","0.015148096717894077","0.015148096717894077","0.015148096717894077","0.16449469327926636","0.16449469327926636","0.16449469327926636","0.009188656695187092","0.009188656695187092","0.009188656695187092","0.015413287095725536","0.015413287095725536","0.015413287095725536"
"50","0.015288213267922401","0.015288213267922401","0.015288213267922401","0.16569896042346954","0.16569896042346954","0.16569896042346954","0.009214719757437706","0.009214719757437706","0.009214719757437706","0.01563250459730625","0.01563250459730625","0.01563250459730625"
"51","0.015018938109278679","0.015018938109278679","0.015018938109278679","0.16330744326114655","0.16330744326114655","0.16330744326114655","0.009081194177269936","0.009081194177269936","0.009081194177269936","0.015521971508860588","0.015521971508860588","0.015521971508860588"
"52","0.014818133786320686","0.014818133786320686","0.014818133786320686","0.16246238350868225","0.16246238350868225","0.16246238350868225","0.009025635197758675","0.009025635197758675","0.009025635197758675","0.015397308394312859","0.015397308394312859","0.015397308394312859"
"53","0.014421176165342331","0.014421176165342331","0.014421176165342331","0.1587105542421341","0.1587105542421341","0.1587105542421341","0.008886989206075668","0.008886989206075668","0.008886989206075668","0.015496546402573586","0.015496546402573586","0.015496546402573586"
"54","0.014634468592703342","0.014634468592703342","0.014634468592703342","0.15629348158836365","0.15629348158836365","0.15629348158836365","0.008636184968054295","0.008636184968054295","0.008636184968054295","0.015513114631175995","0.015513114631175995","0.015513114631175995"
"55","0.015192577615380287","0.015192577615380287","0.015192577615380287","0.15452322363853455","0.15452322363853455","0.15452322363853455","0.008566595613956451","0.008566595613956451","0.008566595613956451","0.01577918604016304","0.01577918604016304","0.01577918604016304"
"56","0.015694450587034225","0.015694450587034225","0.015694450587034225","0.15189851820468903","0.15189851820468903","0.15189851820468903","0.00858687236905098","0.00858687236905098","0.00858687236905098","0.016077524051070213","0.016077524051070213","0.016077524051070213"
"57","0.015734901651740074","0.015734901651740074","0.015734901651740074","0.1506996899843216","0.1506996899843216","0.1506996899843216","0.008579161949455738","0.008579161949455738","0.008579161949455738","0.015436631627380848","0.015436631627380848","0.015436631627380848"
"58","0.015869786962866783","0.015869786962866783","0.015869786962866783","0.14948761463165283","0.14948761463165283","0.14948761463165283","0.008452706038951874","0.008452706038951874","0.008452706038951874","0.015468337573111057","0.015468337573111057","0.015468337573111057"
"59","0.015760717913508415","0.015760717913508415","0.015760717913508415","0.15306401252746582","0.15306401252746582","0.15306401252746582","0.008143801242113113","0.008143801242113113","0.008143801242113113","0.01537851057946682","0.01537851057946682","0.01537851057946682"
"60","0.015490754507482052","0.015490754507482052","0.015490754507482052","0.15351523458957672","0.15351523458957672","0.15351523458957672","0.008194721303880215","0.008194721303880215","0.008194721303880215","0.015359221957623959","0.015359221957623959","0.015359221957623959"
"61","0.015586520545184612","0.015586520545184612","0.015586520545184612","0.155708447098732","0.155708447098732","0.155708447098732","0.008082309737801552","0.008082309737801552","0.008082309737801552","0.015778500586748123","0.015778500586748123","0.015778500586748123"
"62","0.015167771838605404","0.015167771838605404","0.015167771838605404","0.1568908840417862","0.1568908840417862","0.1568908840417862","0.007895641028881073","0.007895641028881073","0.007895641028881073","0.016182156279683113","0.016182156279683113","0.016182156279683113"
"63","0.015027884393930435","0.015027884393930435","0.015027884393930435","0.1565169394016266","0.1565169394016266","0.1565169394016266","0.0076816873624920845","0.0076816873624920845","0.0076816873624920845","0.016251644119620323","0.016251644119620323","0.016251644119620323"
"64","0.014568345621228218","0.014568345621228218","0.014568345621228218","0.15787161886692047","0.15787161886692047","0.15787161886692047","0.007674375548958778","0.007674375548958778","0.007674375548958778","0.01654384285211563","0.01654384285211563","0.01654384285211563"
"65","0.014385051093995571","0.014385051093995571","0.014385051093995571","0.16000035405158997","0.16000035405158997","0.16000035405158997","0.00769834965467453","0.00769834965467453","0.00769834965467453","0.016675535589456558","0.016675535589456558","0.016675535589456558"
"66","0.014120454899966717","0.014120454899966717","0.014120454899966717","0.15700717270374298","0.15700717270374298","0.15700717270374298","0.007735352497547865","0.007735352497547865","0.007735352497547865","0.016990547999739647","0.016990547999739647","0.016990547999739647"
"67","0.013741277158260345","0.013741277158260345","0.013741277158260345","0.15635362267494202","0.15635362267494202","0.15635362267494202","0.0077374959364533424","0.0077374959364533424","0.0077374959364533424","0.016461696475744247","0.016461696475744247","0.016461696475744247"
"68","0.013611799106001854","0.013611799106001854","0.013611799106001854","0.15798747539520264","0.15798747539520264","0.15798747539520264","0.0077599273063242435","0.0077599273063242435","0.0077599273063242435","0.016352886334061623","0.016352886334061623","0.016352886334061623"
"69","0.013801163993775845","0.013801163993775845","0.013801163993775845","0.1561582088470459","0.1561582088470459","0.1561582088470459","0.007697692606598139","0.007697692606598139","0.007697692606598139","0.016535380855202675","0.016535380855202675","0.016535380855202675"
"70","0.013711756095290184","0.013711756095290184","0.013711756095290184","0.1566632091999054","0.1566632091999054","0.1566632091999054","0.007738082204014063","0.007738082204014063","0.007738082204014063","0.01663312315940857","0.01663312315940857","0.01663312315940857"
"71","0.013618460856378078","0.013618460856378078","0.013618460856378078","0.155253067612648","0.155253067612648","0.155253067612648","0.007684449665248394","0.007684449665248394","0.007684449665248394","0.016632892191410065","0.016632892191410065","0.016632892191410065"
"72","0.013490057550370693","0.013490057550370693","0.013490057550370693","0.15653736889362335","0.15653736889362335","0.15653736889362335","0.007850632071495056","0.007850632071495056","0.007850632071495056","0.016500717028975487","0.016500717028975487","0.016500717028975487"
"73","0.013390828855335712","0.013390828855335712","0.013390828855335712","0.1560739129781723","0.1560739129781723","0.1560739129781723","0.007895772345364094","0.007895772345364094","0.007895772345364094","0.01658746972680092","0.01658746972680092","0.01658746972680092"
"74","0.013281617313623428","0.013281617313623428","0.013281617313623428","0.15680013597011566","0.15680013597011566","0.15680013597011566","0.008003883063793182","0.008003883063793182","0.008003883063793182","0.01685451716184616","0.01685451716184616","0.01685451716184616"
"75","0.013162495568394661","0.013162495568394661","0.013162495568394661","0.1590951681137085","0.1590951681137085","0.1590951681137085","0.008276769891381264","0.008276769891381264","0.008276769891381264","0.017137227579951286","0.017137227579951286","0.017137227579951286"
"76","0.01266019232571125","0.01266019232571125","0.01266019232571125","0.15734560787677765","0.15734560787677765","0.15734560787677765","0.008385755121707916","0.008385755121707916","0.008385755121707916","0.01702801138162613","0.01702801138162613","0.01702801138162613"
"77","0.012749506160616875","0.012749506160616875","0.012749506160616875","0.15639768540859222","0.15639768540859222","0.15639768540859222","0.008590525016188622","0.008590525016188622","0.008590525016188622","0.016872618347406387","0.016872618347406387","0.016872618347406387"
"78","0.013216173276305199","0.013216173276305199","0.013216173276305199","0.15246672928333282","0.15246672928333282","0.15246672928333282","0.008695743046700954","0.008695743046700954","0.008695743046700954","0.016858922317624092","0.016858922317624092","0.016858922317624092"
"79","0.013387407176196575","0.013387407176196575","0.013387407176196575","0.15188783407211304","0.15188783407211304","0.15188783407211304","0.008761500008404255","0.008761500008404255","0.008761500008404255","0.01714927703142166","0.01714927703142166","0.01714927703142166"
"80","0.013620663434267044","0.013620663434267044","0.013620663434267044","0.1488797664642334","0.1488797664642334","0.1488797664642334","0.008807677775621414","0.008807677775621414","0.008807677775621414","0.01735023595392704","0.01735023595392704","0.01735023595392704"
"81","0.013602483086287975","0.013602483086287975","0.013602483086287975","0.14689968526363373","0.14689968526363373","0.14689968526363373","0.008772213943302631","0.008772213943302631","0.008772213943302631","0.01722465083003044","0.01722465083003044","0.01722465083003044"
"82","0.013356081210076809","0.013356081210076809","0.013356081210076809","0.1473398059606552","0.1473398059606552","0.1473398059606552","0.008986937813460827","0.008986937813460827","0.008986937813460827","0.01752455346286297","0.01752455346286297","0.01752455346286297"
"83","0.013306396082043648","0.013306396082043648","0.013306396082043648","0.14344801008701324","0.14344801008701324","0.14344801008701324","0.009144877083599567","0.009144877083599567","0.009144877083599567","0.01749660074710846","0.01749660074710846","0.01749660074710846"
"84","0.013583343476057053","0.013583343476057053","0.013583343476057053","0.1412968635559082","0.1412968635559082","0.1412968635559082","0.00901562999933958","0.00901562999933958","0.00901562999933958","0.017699897289276123","0.017699897289276123","0.017699897289276123"
"85","0.013723433017730713","0.013723433017730713","0.013723433017730713","0.1387673169374466","0.1387673169374466","0.1387673169374466","0.009163537062704563","0.009163537062704563","0.009163537062704563","0.017756324261426926","0.017756324261426926","0.017756324261426926"
"86","0.01391657255589962","0.01391657255589962","0.01391657255589962","0.13700737059116364","0.13700737059116364","0.13700737059116364","0.009272133931517601","0.009272133931517601","0.009272133931517601","0.017759526148438454","0.017759526148438454","0.017759526148438454"
"87","0.013813224621117115","0.013813224621117115","0.013813224621117115","0.1341414898633957","0.1341414898633957","0.1341414898633957","0.00951356627047062","0.00951356627047062","0.00951356627047062","0.01788119226694107","0.01788119226694107","0.01788119226694107"
"88","0.013624442741274834","0.013624442741274834","0.013624442741274834","0.13314130902290344","0.13314130902290344","0.13314130902290344","0.009570637717843056","0.009570637717843056","0.009570637717843056","0.017801247537136078","0.017801247537136078","0.017801247537136078"
"89","0.013626528903841972","0.013626528903841972","0.013626528903841972","0.13196209073066711","0.13196209073066711","0.13196209073066711","0.00960627757012844","0.00960627757012844","0.00960627757012844","0.017885318025946617","0.017885318025946617","0.017885318025946617"
"90","0.013619538396596909","0.013619538396596909","0.013619538396596909","0.1313871145248413","0.1313871145248413","0.1313871145248413","0.009513485245406628","0.009513485245406628","0.009513485245406628","0.018226824700832367","0.018226824700832367","0.018226824700832367"
"91","0.0137361204251647","0.0137361204251647","0.0137361204251647","0.12857919931411743","0.12857919931411743","0.12857919931411743","0.00986323319375515","0.00986323319375515","0.00986323319375515","0.018469499424099922","0.018469499424099922","0.018469499424099922"
"92","0.013883736915886402","0.013883736915886402","0.013883736915886402","0.12826432287693024","0.12826432287693024","0.12826432287693024","0.010059301741421223","0.010059301741421223","0.010059301741421223","0.01861090026795864","0.01861090026795864","0.01861090026795864"
"93","0.013842619024217129","0.013842619024217129","0.013842619024217129","0.12997838854789734","0.12997838854789734","0.12997838854789734","0.010458343662321568","0.010458343662321568","0.010458343662321568","0.018401367589831352","0.018401367589831352","0.018401367589831352"
"94","0.014039572328329086","0.014039572328329086","0.014039572328329086","0.1287286877632141","0.1287286877632141","0.1287286877632141","0.01051105372607708","0.01051105372607708","0.01051105372607708","0.018657734617590904","0.018657734617590904","0.018657734617590904"
"95","0.014306985773146152","0.014306985773146152","0.014306985773146152","0.12911994755268097","0.12911994755268097","0.12911994755268097","0.010477840900421143","0.010477840900421143","0.010477840900421143","0.01881302520632744","0.01881302520632744","0.01881302520632744"
"96","0.014580902643501759","0.014580902643501759","0.014580902643501759","0.12589889764785767","0.12589889764785767","0.12589889764785767","0.010549732483923435","0.010549732483923435","0.010549732483923435","0.018828384578227997","0.018828384578227997","0.018828384578227997"
"97","0.015115289017558098","0.015115289017558098","0.015115289017558098","0.12664614617824554","0.12664614617824554","0.12664614617824554","0.010879297740757465","0.010879297740757465","0.010879297740757465","0.019118962809443474","0.019118962809443474","0.019118962809443474"
"98","0.01560791116207838","0.01560791116207838","0.01560791116207838","0.12819838523864746","0.12819838523864746","0.12819838523864746","0.011162584647536278","0.011162584647536278","0.011162584647536278","0.019473139196634293","0.019473139196634293","0.019473139196634293"
"99","0.015943245962262154","0.015943245962262154","0.015943245962262154","0.12802185118198395","0.12802185118198395","0.12802185118198395","0.011351103894412518","0.011351103894412518","0.011351103894412518","0.01964574120938778","0.01964574120938778","0.01964574120938778"
"100","0.016357893124222755","0.016357893124222755","0.016357893124222755","0.1281728297472","0.1281728297472","0.1281728297472","0.011521829292178154","0.011521829292178154","0.011521829292178154","0.019756903871893883","0.019756903871893883","0.019756903871893883"
"101","","","","","","","","","","0.019756903871893883","0.019756903871893883","0.019756903871893883"
"102","","","","","","","","","","0.023407060652971268","0.023407060652971268","0.023407060652971268"
"103","","","","","","","","","","0.02857869677245617","0.02857869677245617","0.02857869677245617"
"104","","","","","","","","","","0.034708522260189056","0.034708522260189056","0.034708522260189056"
"105","","","","","","","","","","0.041745200753211975","0.041745200753211975","0.041745200753211975"
"106","","","","","","","","","","0.04832075536251068","0.04832075536251068","0.04832075536251068"
"107","","","","","","","","","","0.05070890858769417","0.05070890858769417","0.05070890858769417"
"108","","","","","","","","","","0.05040212720632553","0.05040212720632553","0.05040212720632553"
"109","","","","","","","","","","0.04892274737358093","0.04892274737358093","0.04892274737358093"
"110","","","","","","","","","","0.04671265184879303","0.04671265184879303","0.04671265184879303"
"111","","","","","","","","","","0.04508360102772713","0.04508360102772713","0.04508360102772713"
"112","","","","","","","","","","0.04443594440817833","0.04443594440817833","0.04443594440817833"
"113","","","","","","","","","","0.04398585110902786","0.04398585110902786","0.04398585110902786"
"114","","","","","","","","","","0.04367733374238014","0.04367733374238014","0.04367733374238014"
"115","","","","","","","","","","0.0424090214073658","0.0424090214073658","0.0424090214073658"
"116","","","","","","","","","","0.041052911430597305","0.041052911430597305","0.041052911430597305"
"117","","","","","","","","","","0.040184203535318375","0.040184203535318375","0.040184203535318375"
"118","","","","","","","","","","0.039619509130716324","0.039619509130716324","0.039619509130716324"
"119","","","","","","","","","","0.038644928485155106","0.038644928485155106","0.038644928485155106"
"120","","","","","","","","","","0.03795698285102844","0.03795698285102844","0.03795698285102844"
"121","","","","","","","","","","0.03711944445967674","0.03711944445967674","0.03711944445967674"
"122","","","","","","","","","","0.03662703558802605","0.03662703558802605","0.03662703558802605"
"123","","","","","","","","","","0.03536553680896759","0.03536553680896759","0.03536553680896759"
"124","","","","","","","","","","0.034430768340826035","0.034430768340826035","0.034430768340826035"
"125","","","","","","","","","","0.033511362969875336","0.033511362969875336","0.033511362969875336"
"126","","","","","","","","","","0.032629936933517456","0.032629936933517456","0.032629936933517456"
"127","","","","","","","","","","0.031817514449357986","0.031817514449357986","0.031817514449357986"
"128","","","","","","","","","","0.03120546229183674","0.03120546229183674","0.03120546229183674"
"129","","","","","","","","","","0.030795874074101448","0.030795874074101448","0.030795874074101448"
"130","","","","","","","","","","0.031083574518561363","0.031083574518561363","0.031083574518561363"
"131","","","","","","","","","","0.031162934377789497","0.031162934377789497","0.031162934377789497"
"132","","","","","","","","","","0.031013013795018196","0.031013013795018196","0.031013013795018196"
"133","","","","","","","","","","0.030416227877140045","0.030416227877140045","0.030416227877140045"
"134","","","","","","","","","","0.03089786507189274","0.03089786507189274","0.03089786507189274"
"135","","","","","","","","","","0.030899006873369217","0.030899006873369217","0.030899006873369217"
"136","","","","","","","","","","0.030462827533483505","0.030462827533483505","0.030462827533483505"
"137","","","","","","","","","","0.03044525533914566","0.03044525533914566","0.03044525533914566"
"138","","","","","","","","","","0.03028765879571438","0.03028765879571438","0.03028765879571438"
"139","","","","","","","","","","0.030132966116070747","0.030132966116070747","0.030132966116070747"
"140","","","","","","","","","","0.02991262823343277","0.02991262823343277","0.02991262823343277"
"141","","","","","","","","","","0.029764173552393913","0.029764173552393913","0.029764173552393913"
"142","","","","","","","","","","0.029780009761452675","0.029780009761452675","0.029780009761452675"
"143","","","","","","","","","","0.029918912798166275","0.029918912798166275","0.029918912798166275"
"144","","","","","","","","","","0.029496006667613983","0.029496006667613983","0.029496006667613983"
"145","","","","","","","","","","0.029369736090302467","0.029369736090302467","0.029369736090302467"
"146","","","","","","","","","","0.029520073905587196","0.029520073905587196","0.029520073905587196"
"147","","","","","","","","","","0.029165172949433327","0.029165172949433327","0.029165172949433327"
"148","","","","","","","","","","0.02919875644147396","0.02919875644147396","0.02919875644147396"
"149","","","","","","","","","","0.029317300766706467","0.029317300766706467","0.029317300766706467"
"150","","","","","","","","","","0.02902163192629814","0.02902163192629814","0.02902163192629814"
"151","","","","","","","","","","0.02915056049823761","0.02915056049823761","0.02915056049823761"
"152","","","","","","","","","","0.0290564876049757","0.0290564876049757","0.0290564876049757"
"153","","","","","","","","","","0.02925591543316841","0.02925591543316841","0.02925591543316841"
"154","","","","","","","","","","0.02907106839120388","0.02907106839120388","0.02907106839120388"
"155","","","","","","","","","","0.029608380049467087","0.029608380049467087","0.029608380049467087"
"156","","","","","","","","","","0.02983086183667183","0.02983086183667183","0.02983086183667183"
"157","","","","","","","","","","0.029407130554318428","0.029407130554318428","0.029407130554318428"
"158","","","","","","","","","","0.02927500754594803","0.02927500754594803","0.02927500754594803"
"159","","","","","","","","","","0.029296239838004112","0.029296239838004112","0.029296239838004112"
"160","","","","","","","","","","0.029232971370220184","0.029232971370220184","0.029232971370220184"
"161","","","","","","","","","","0.02917366474866867","0.02917366474866867","0.02917366474866867"
"162","","","","","","","","","","0.029415188357234","0.029415188357234","0.029415188357234"
"163","","","","","","","","","","0.029586121439933777","0.029586121439933777","0.029586121439933777"
"164","","","","","","","","","","0.03014451265335083","0.03014451265335083","0.03014451265335083"
"165","","","","","","","","","","0.02999996393918991","0.02999996393918991","0.02999996393918991"
"166","","","","","","","","","","0.029812902212142944","0.029812902212142944","0.029812902212142944"
"167","","","","","","","","","","0.029846057295799255","0.029846057295799255","0.029846057295799255"
"168","","","","","","","","","","0.029726600274443626","0.029726600274443626","0.029726600274443626"
"169","","","","","","","","","","0.029597530141472816","0.029597530141472816","0.029597530141472816"
"170","","","","","","","","","","0.029917536303400993","0.029917536303400993","0.029917536303400993"
"171","","","","","","","","","","0.030569953843951225","0.030569953843951225","0.030569953843951225"
"172","","","","","","","","","","0.03072710894048214","0.03072710894048214","0.03072710894048214"
"173","","","","","","","","","","0.031017906963825226","0.031017906963825226","0.031017906963825226"
"174","","","","","","","","","","0.03226282075047493","0.03226282075047493","0.03226282075047493"
"175","","","","","","","","","","0.03348492830991745","0.03348492830991745","0.03348492830991745"
"176","","","","","","","","","","0.03347201272845268","0.03347201272845268","0.03347201272845268"
"177","","","","","","","","","","0.033810146152973175","0.033810146152973175","0.033810146152973175"
"178","","","","","","","","","","0.03448796644806862","0.03448796644806862","0.03448796644806862"
"179","","","","","","","","","","0.034419238567352295","0.034419238567352295","0.034419238567352295"
"180","","","","","","","","","","0.0351022370159626","0.0351022370159626","0.0351022370159626"
"181","","","","","","","","","","0.03540704771876335","0.03540704771876335","0.03540704771876335"
"182","","","","","","","","","","0.03527984768152237","0.03527984768152237","0.03527984768152237"
"183","","","","","","","","","","0.03503883257508278","0.03503883257508278","0.03503883257508278"
"184","","","","","","","","","","0.0352415069937706","0.0352415069937706","0.0352415069937706"
"185","","","","","","","","","","0.03556319326162338","0.03556319326162338","0.03556319326162338"
"186","","","","","","","","","","0.03576169162988663","0.03576169162988663","0.03576169162988663"
"187","","","","","","","","","","0.03533245250582695","0.03533245250582695","0.03533245250582695"
"188","","","","","","","","","","0.035685937851667404","0.035685937851667404","0.035685937851667404"
"189","","","","","","","","","","0.03575921058654785","0.03575921058654785","0.03575921058654785"
"190","","","","","","","","","","0.03537306934595108","0.03537306934595108","0.03537306934595108"
"191","","","","","","","","","","0.03499302268028259","0.03499302268028259","0.03499302268028259"
"192","","","","","","","","","","0.03450533002614975","0.03450533002614975","0.03450533002614975"
"193","","","","","","","","","","0.03400952368974686","0.03400952368974686","0.03400952368974686"
"194","","","","","","","","","","0.03412840515375137","0.03412840515375137","0.03412840515375137"
"195","","","","","","","","","","0.0347624197602272","0.0347624197602272","0.0347624197602272"
"196","","","","","","","","","","0.03521100431680679","0.03521100431680679","0.03521100431680679"
"197","","","","","","","","","","0.03547334298491478","0.03547334298491478","0.03547334298491478"
"198","","","","","","","","","","0.0353412963449955","0.0353412963449955","0.0353412963449955"
"199","","","","","","","","","","0.03539701923727989","0.03539701923727989","0.03539701923727989"
"200","","","","","","","","","","0.03581614047288895","0.03581614047288895","0.03581614047288895"