1.2265650033950806,0.29223155975341797,-1.8429189920425415,0.9984380602836609,-0.0001938694235023882,-0.1884372594838256,-0.0002836012278307535,-1.856327926253639,-9.732937131119363e-05,0.9776765262422665,0.00010085027818922087,-0.0003213989386360551,0.03615680777689114,-0.0031414613999892218,-0.052969064042565156,0.0014125843916128924,0.01852216184435917,0.00030145009214316656
1.2265650033950806,0.29223155975341797,-1.8429189920425415,0.9984380602836609,-0.0001938694235023882,-0.1884372594838256,-0.0002836012278307535,-1.856327926253639,-9.732937131119363e-05,0.9776765262422665,0.00010085027818922087,-0.0003213989386360551,0.03615680777689114,-0.0031414613999892218,-0.052969064042565156,0.0014125843916128924,0.01852216184435917,0.00030145009214316656
0.007538108545131488,0.47540216605042923,-0.10055313630304041,-1.4031492355803374,0.11144988772789896,0.48007540402357873,-0.21161240020475142,-0.159975957422208,0.02823981011115064,0.006314960981365237,-0.023552757294245965,-0.04242026642962602,0.01750018169281886,-0.35639686076285265,0.0,0.0,0.0,0.0,0.0,0.0,0.0,1.04273188409018,-0.0612822119996284
0.08796637302864338,0.42593766101796776,-0.02270233384949125,-1.419001757633041,0.13476768037037856,0.5140242478575678,-0.2116124002047514,-0.0031538447636947353,-0.003153844763694734,0.00020082186145534665,-0.0008518351109251662,-0.004823564555181291,0.005009160008675906,-0.005009160008675906,0.0,0.0,0.0,0.0,0.0,0.0,0.0,1.0238927602767944,0.11126608401536942
-0.0007083554641281502,0.47654577724432245,-0.10033472618299855,-1.4056584038904862,0.10938079553070333,0.48425841296038574,-0.22992576477946186,-0.14239339670721027,-0.0388109122724644,0.0005231771952936453,-0.04402978124420238,-0.040614227641769376,-0.027779194804932156,-0.33135237359770414,0.0,0.0,0.0,0.0,0.0,0.0,0.0,1.038436418031386,-0.06989279385645522
-0.041093787260296576,0.5559430638207518,-0.1368924401256825,-1.3298846734362062,0.1010456700885576,0.3924752485686223,-0.22992576477946186,1.1539304520946916,-1.1539304520946911,-0.9322725690710101,-0.4386193440365044,-1.6980538643584917,1.8327542116101152,-1.8327542116101154,0.0,0.0,0.0,0.0,0.0,0.0,0.0,1.0974345207214355,-0.16257914900779724
0.07074122534276728,0.524859446474659,-0.2353803846553214,-1.359270466183748,-0.0024464119755732263,0.48827945194181915,-0.5664512999942396,-0.17842402701076393,0.004101559189149211,-0.07447153987009704,0.03957942934407099,0.022834657871185812,0.029523894287124004,-0.14830700910525968,0.0,0.0,0.0,0.0,0.0,0.0,0.0,1.0439292982833814,-0.16799158698508695
-0.00388518545304637,0.3068644521534791,-0.3355447793696777,-1.4878438294462903,-0.03803539110970091,0.6839073810031426,-0.5664512999942396,1.1767989547459756,-1.1868000030517578,-0.7864764917502592,-0.5403440951182784,-1.4748439843057273,1.839053104381755,-1.7741483138470895,0.0,0.0,0.0,0.0,0.0,0.0,0.0,0.8701602816581726,-0.33062610030174255
0.05472567174896573,0.524482360209073,-0.24094290575201655,-1.3577832347802867,-4.311959814824115e-05,0.4923598261482282,-0.5821247167082942,-0.15832813858269046,-0.008856441698790435,-0.04374811591446785,0.0180867515706691,0.026785948466310022,0.049187732917412616,-0.21611219417837754,0.0,0.0,0.0,0.0,0.0,0.0,0.0,1.0393847320560479,-0.1894937724265333
0.052052490577586,0.365334711346923,-0.2617414344384082,-1.4437807049855287,-0.006937117068794782,0.623621971411775,-0.5821247167082942,0.7374587813880851,-0.737458781388085,-0.5368813253552388,-0.3261495096877905,-0.9950707613885807,1.1712843568903109,-1.171284356890311,0.0,0.0,0.0,0.0,0.0,0.0,0.0,0.9524751901626587,-0.2075207382440567
-0.06715072467172252,-0.013873826447136282,-0.009537419019547334,-1.7805009648983408,-0.014744410188381216,0.8126154627983826,-0.08619245765283325,-0.20804247078519625,0.6963578722880902,-0.050731355800790905,0.345700202636658,0.007943023429909156,-0.5399132745974997,-0.28534580955878863,0.0,0.0,0.0,0.0,0.0,0.0,0.0,0.738909244717503,-0.06389766139742924
0.00013746083974409333,0.40077153774916696,0.05588885810067125,-1.5191422574931255,0.01676016109904288,0.38493314162042797,-0.08619245765283323,0.07037811026349862,0.3344348887922877,-0.3934541613284946,0.11144812555454951,-0.5114926055221076,-0.5311732174419885,-0.5311732174419888,0.0,0.0,0.0,0.0,0.0,0.0,0.0,1.032518744468689,0.061796292662620544
-0.07008507184769264,-0.0026894710325639243,-0.010427339585259918,-1.7775831084932012,-0.01471447107483833,0.8031292350316039,-0.08965756689620819,-0.1969155998088828,0.632946388054114,-0.02554629628816502,0.3111545102992328,0.057362562898612884,-0.2802385146531212,-0.22458321708536827,0.0,0.0,0.0,0.0,0.0,0.0,0.0,0.7433764020181782,-0.06704831958625557
0.12019848310847107,0.6362253488478181,0.157965049814756,-1.345365101067081,0.06015273334626034,0.20073630607320758,-0.08965756689620816,-0.008093118014578234,-0.008093118014578238,0.0027906321666698462,-0.0026397114406664446,-0.012377805542428176,0.012854064211019537,-0.012854064211019534,0.0,0.0,0.0,0.0,0.0,0.0,0.0,1.1209311485290527,0.31059372425079346
-0.0819440471176057,0.044623013673497136,-0.01104054843177293,-1.753856504380072,-0.010140494066590048,0.7802766327761753,-0.10724141891640067,-0.10459968492979493,0.6337621956685754,0.025815335350534582,0.3542806327210739,0.07711557852907097,-0.38917658000380995,-0.28739532200165735,0.0,0.0,0.0,0.0,0.0,0.0,0.0,0.7600369300913918,-0.07575490369329914
0.041520616423388904,0.43310364564389925,0.10820545167235952,-1.4892808319091977,0.04637689192277406,0.3746505762647143,-0.10724141891640064,-0.9279780285806531,-0.9279780285806541,1.0917426058177715,-0.36552897133624734,1.234561882336702,1.473880541999321,-1.4738805419993213,0.0,0.0,0.0,0.0,0.0,0.0,0.0,1.0372272729873657,0.166338711977005
-0.08331828751982762,0.05477301932706584,-0.010872148889668093,-1.7510113444884245,-0.009268453569454773,0.7730250984249007,-0.11050401188111598,-0.1008722838866479,0.5822154993704316,0.038573559816723106,0.3128003451354696,0.06099244649780893,-0.16175950512812906,-0.19758157558223644,0.0,0.0,0.0,0.0,0.0,0.0,0.0,0.763525764453298,-0.07658901013557656
-0.08302129002331017,0.5418555713866848,-0.008959303023158543,-1.4065192382389966,-0.009596884141633974,0.28160172997798144,-0.11050401188111598,0.006702275962168494,-0.033001064434863274,-0.03882491499931717,-0.010632265908062419,-0.050472606173798326,0.05241463185308958,-0.05241463185308959,0.0,0.0,0.0,0.0,0.0,0.0,0.0,1.1100850105285645,-0.10364919900894165
-0.08468547762906874,0.06477433389243303,-0.010430236009480742,-1.7467312674309936,-0.00859410681648873,0.7714617602303103,-0.11294406337380844,-0.09627404156599552,0.5295398769127708,0.04899303720788231,0.2894712568360237,0.03212756379949062,-0.0005169743632800344,-0.10026189704716605,0.0,0.0,0.0,0.0,0.0,0.0,0.0,0.7647856308183434,-0.07711835958881996
-0.15286719516936653,0.28712239770269277,-0.07809611702649354,-1.5835004318692893,-0.04435357156340372,0.5085475124623963,-0.11294406337380845,0.5397722030757104,-0.5397722030757102,0.05632515897370882,-0.1589144899824529,-0.5876845396396617,0.857304507998112,-0.8573045079981118,0.0,0.0,0.0,0.0,0.0,0.0,0.0,0.9322953224182129,-0.2353058159351349
-0.08594913957203712,0.07383743600392975,-0.009808122159656145,-1.7423751477402325,-0.008315071972418488,0.7714090731619745,-0.11410128328841497,-0.09422320401998449,0.47264399993493567,0.05778123041426127,0.2411861621642043,0.017567306907309593,0.0012921947321777316,-0.03866443159654493,0.0,0.0,0.0,0.0,0.0,0.0,0.0,0.7654558233346402,-0.07755843056800403
-0.1262126828119201,0.47290153905526866,-0.046949819516100555,-1.453844396874055,-0.02632942356963607,0.3473708593400172,-0.11410128328841497,0.059683662463481134,0.036030649932522286,0.0702163145848296,-0.007626780846948969,0.09128160082457282,-0.09479382708524398,-0.09479382708524392,0.0,0.0,0.0,0.0,0.0,0.0,0.0,1.057474136352539,-0.18965893983840942
-0.08721811699129293,0.08216680552649322,-0.009034909774147618,-1.7388234752691794,-0.00814890948129745,0.7716326118630311,-0.11452731058764631,-0.09119445442499893,0.42322100828044085,0.06374766082845436,0.1884134576309932,0.011550601968122437,0.040650855553257606,-0.014737215389752052,0.0,0.0,0.0,0.0,0.0,0.0,0.0,0.7656051448960974,-0.07788381068267797
-0.2568387190985378,0.00846171908697272,-0.18050929536468632,-1.7298758214064054,-0.11753405819880244,0.8101419791536346,-0.1145273105876464,0.029160818313099357,-0.006521441421869039,0.0014607248600002122,0.0017078820899627612,-0.01822016692936093,0.019549041025140355,-0.040974791938140236,0.0,0.0,0.0,0.0,0.0,0.0,0.0,0.6742056608200073,-0.3780282735824585
-0.08844603023928774,0.08953984234276793,-0.008201200263316374,-1.7365886676257225,-0.008039534150982467,0.7725721018074745,-0.1146798863230341,-0.0880978647150296,0.37491207753113925,0.0677365469812626,0.13051080058597642,0.007987512452137606,0.07695188685283273,-0.006466695433123898,0.0,0.0,0.0,0.0,0.0,0.0,0.0,0.7646949403957792,-0.07805230062064673
0.05010209139948437,-0.03971848502360138,0.1315700143684982,-1.7484009997186536,0.08252329880728965,0.8648942440148251,-0.11467988632303404,-0.09521004995354683,0.09521004995354687,0.11201220808569094,0.02665422403126499,-0.11122721300852836,-0.15121935617802149,-0.1512193561780215,0.0,0.0,0.0,0.0,0.0,0.0,0.0,0.7185165286064148,0.17336298525333405
-0.08962792936587397,0.09604360048146865,-0.007348875866673583,-1.7355811336006757,-0.007960596037491437,0.7740262341191616,-0.11475434340267811,-0.08498871992029,0.33321747780185307,0.06968945177141836,0.08159519660260875,0.0038939343877364523,0.11707667447701749,-0.0034803881672044222,0.0,0.0,0.0,0.0,0.0,0.0,0.0,0.7628681319545418,-0.07809316014628567
-0.21695587394551485,0.7295205655844076,-0.11375589929719583,-1.2486183151854968,-0.05289151672168963,0.15509701366690293,-0.11475434340267815,-0.46383492944991395,0.5677495105962648,0.6679428941848684,0.26419202324285784,0.868329490106362,-0.9017400527007667,-0.9017400527007666,0.0,0.0,0.0,0.0,0.0,0.0,0.0,1.1504863500595093,-0.3795616328716278
-0.0907966308481585,0.1019836252939682,-0.006461069393037162,-1.7353394926000458,-0.007927686960579996,0.7760759446523264,-0.11479951821054366,-0.08455595849991408,0.3055698846883984,0.07203965566902859,0.04473479321193752,0.00035209488733539354,0.14330146148613962,-0.0022059049132785898,0.0,0.0,0.0,0.0,0.0,0.0,0.0,0.760301405563659,-0.07804304568947562
-0.1511032927629869,0.7278268485016255,-0.056255287234072304,-1.24661045950354,-0.029471468146155252,0.15536634573038824,-0.11479951821054366,0.12357949452834305,-0.12357949452834302,0.14538813983384105,-0.07367264710161416,0.18900539316837237,0.13085116130805882,-0.19627772077106437,0.0,0.0,0.0,0.0,0.0,0.0,0.0,1.1876074075698853,-0.24280625581741333
-0.0935337164097584,0.11333586912562153,-0.004310628952360086,-1.7342236376036912,-0.00786806468630064,0.7819432193381238,-0.11494394281932828,-0.07573215196475816,0.2794478240222452,0.055411123910962576,0.0649952115899482,0.0026622891555773418,0.13810660086133641,-0.009687201245334034,0.0,0.0,0.0,0.0,0.0,0.0,0.0,0.7546215681249864,-0.0778946202547221
0.1572023339874035,0.015716542244141103,0.24899320289932378,-1.7168876246475948,0.16701801134935526,0.8327612027450036,-0.11494394281932821,-1.1066788948799728,0.2524052186147749,0.8923925069236351,0.24042633389607446,0.5301489608419058,0.13460700411524892,-1.4643857094515627,0.0,0.0,0.0,0.0,0.0,0.0,0.0,0.670534610748291,0.37837931513786316
-0.09449852228036243,0.11831923690980664,-0.003563949129714398,-1.7347226925752437,-0.007852387364009252,0.7838037241597882,-0.11512519429254751,-0.07376476833704135,0.255462560844529,0.0655547537013231,0.034219163501379254,0.004951489436620172,0.17420565452744158,-0.008084126716169602,0.0,0.0,0.0,0.0,0.0,0.0,0.0,0.7518215749203401,-0.07777083681795348
-0.2201070213806087,0.8709427777336592,-0.10141487646188613,-1.1190614851089777,-0.047766423808229305,0.060263748040819444,-0.11512519429254751,0.12188983381651051,-0.1281050769672731,-0.1507123727494388,-0.05908567059264347,-0.19592692567221093,0.2034655718758529,-0.2034655718758529,0.0,0.0,0.0,0.0,0.0,0.0,0.0,1.2214874029159546,-0.37643784284591675
-0.09832686139562381,0.13315521063205754,-0.0007031226504499213,-1.7322506609036308,-0.007747808055732147,0.7917628163854565,-0.1170494095454417,-0.07286719104493129,0.2730138297947636,0.039314369220957476,0.10613163260110055,0.0010044406945231297,0.030396521086619742,-0.1206982168453023,0.0,0.0,0.0,0.0,0.0,0.0,0.0,0.7446523999221561,-0.07769726701255968
-0.057994270424965626,0.26584231558291255,0.04055814164592752,-1.5745796699225667,0.014524174421500195,0.5671251556476226,-0.1170494095454417,-0.2528437043181419,-0.04073181683281135,-0.29746420293927744,-0.22310241683801385,-0.38670512391388473,-0.34545678099769733,-0.40158430963233727,0.0,0.0,0.0,0.0,0.0,0.0,0.0,0.9420943856239319,-0.010489576496183872
-0.09914217864890336,0.137701725736309,-0.00028438745175532736,-1.732741122626383,-0.007740165574992391,0.7916431780669716,-0.11823243328194741,-0.07320747661323664,0.2523466647523126,0.046805471936587656,0.07058329928333093,0.011337626844635334,0.1200475031993775,-0.04397112977687336,0.0,0.0,0.0,0.0,0.0,0.0,0.0,0.7430314404628725,-0.07781690260316214
0.09479668763522349,0.05425815288312391,0.198528992837205,-1.6897996542181941,0.12229354986401093,0.8008405960641615,-0.11823243328194731,-0.5533228517131115,-0.36293813820017856,-0.035013618462805846,0.025815898199990906,-0.826325195861413,0.6613644555938198,-0.8521193556325919,0.0,0.0,0.0,0.0,0.0,0.0,0.0,0.7406470775604248,0.2865912616252899
-0.10123099214295693,0.1466666753504852,0.0009748988986564114,-1.7302566967640196,-0.0074198191701171055,0.7977228508398537,-0.11977503355732537,-0.0471087579196983,0.18281952992389824,0.031901615089688126,0.09285312448247224,0.013857069376944536,0.11646900268928295,-0.10325562607559025,0.0,0.0,0.0,0.0,0.0,0.0,0.0,0.738514789960053,-0.0778094227365707
0.10606964018521135,0.15656322706206116,0.21369427637701996,-1.635626553809149,0.1254789839273882,0.7006994754831753,-0.11977503355732527,0.12383492422424429,0.1238349242242442,-0.10399132411646726,0.04982793133388725,-0.17294929528002626,-0.19668341233599668,-0.1966834123359966,0.0,0.0,0.0,0.0,0.0,0.0,0.0,0.7978760600090027,0.3253672420978546
-0.10181976212835075,0.1499950189370504,0.0012811353828060172,-1.7300511976884922,-0.007259856590313874,0.7989888076561015,-0.12103367468669306,-0.04684342404037875,0.163440160734101,0.03652649233585304,0.06364334249159068,0.005826159786492355,0.1513269327090121,-0.03778182003766066,0.0,0.0,0.0,0.0,0.0,0.0,0.0,0.736900571037175,-0.07777273571544359
0.10330235238578032,0.044588336265580016,0.2119577987541176,-1.6888326607490152,0.13474129738577822,0.8254703060925663,-0.12103367468669295,-0.011632537993151832,0.058106838448327716,0.05771546518487328,0.03091190569134535,0.08977355269593137,-0.03624988262242196,-0.09807275101169209,0.0,0.0,0.0,0.0,0.0,0.0,0.0,0.7215022444725037,0.30624884366989136
-0.10351220205459635,0.1546579590014655,0.004525954450027138,-1.7245657431498058,-0.005478712317305277,0.8118363953268866,-0.12914529719287066,0.008005172804217723,-0.021230772928871218,0.06527038913432426,0.09753565860767308,0.049423323308877914,0.11796701850519498,-0.2264786304458412,0.0,0.0,0.0,0.0,0.0,0.0,0.0,0.7319850070636684,-0.07518002599927315
-0.17790674645789642,0.24287441907058321,-0.07208232853991811,-1.576268431104262,-0.05086347602296094,0.6151917184496325,-0.12914529719287066,0.01032234190645909,-0.010322341906459087,0.0053350179063668245,-0.003043735699509749,-0.00842148376194802,0.016394675752252397,-0.01639467575225239,0.0,0.0,0.0,0.0,0.0,0.0,0.0,0.887924313545227,-0.24837593734264374
-0.1033701313345432,0.15522101230923374,0.0051657150419080885,-1.7252833554872276,-0.004962597550898842,0.8123653180663751,-0.13116744931126495,-0.00023301966282653744,0.013106797757934104,0.06231939391096189,0.07547029917154637,0.0003516524903022191,0.2126927805455518,-0.06825098732207888,0.0,0.0,0.0,0.0,0.0,0.0,0.0,0.7310674902494037,-0.07423604896829517
0.05737001994490181,0.4377727363062212,0.1618788799193444,-1.4560167891975637,0.07792783948383705,0.43308360070938856,-0.13116744931126492,-0.3324382334795216,-0.3324382334795218,0.3911051470124819,-0.1236948198305531,-0.29243852403011755,0.5280019878180866,-0.5280019878180865,0.0,0.0,0.0,0.0,0.0,0.0,0.0,1.014379858970642,0.24602536857128143
-0.10321687223778711,0.15606375666040143,0.006102557351053964,-1.7244825956085297,-0.004935383123859069,0.8163254224332239,-0.1319981784424124,0.0004852033777863584,0.01767873930529523,0.06412563154168485,0.07547483508362317,-0.015417219900105236,0.24689770923885768,-0.027636862706041015,0.0,0.0,0.0,0.0,0.0,0.0,0.0,0.7291027685377129,-0.073196919443264
0.09849505606158608,0.6032616680638638,0.189237413077121,-1.3366379961100008,0.08547385521609556,0.2943357763500045,-0.13199817844241235,-0.6271549175810874,-0.6271549175810875,-0.09552185941301868,-0.15615356614341955,-0.9591855204400871,0.9960919346934887,-0.9960919346934887,0.0,0.0,0.0,0.0,0.0,0.0,0.0,1.091774582862854,0.32334262132644653
-0.10297175972948688,0.15653398021523074,0.007168304917003788,-1.7232090882897897,-0.005139581015772617,0.82016162378725,-0.13229630971967993,0.0055526233530811585,0.007236534940682644,0.06389865025042829,0.06744444744263944,-0.013769203749883278,0.1928360586004338,-0.010887851194501212,0.0,0.0,0.0,0.0,0.0,0.0,0.0,0.7276674975825685,-0.07215937854478827
0.010837024288776552,0.008061515780855427,0.12510216450819586,-1.6932414432980827,0.0741662473150507,0.8821043256585898,-0.13229630971967984,0.9804590965633512,0.9804590965633511,-0.4151709021459243,0.293525190873208,-1.027135114302049,-1.557234697529651,-1.557234697529651,0.0,0.0,0.0,0.0,0.0,0.0,0.0,0.7408052682876587,0.1399846076965332
-0.10256848378233788,0.15600096058122187,0.009355300225055874,-1.7212146787149027,-0.005525019464264154,0.8271395913616583,-0.13252031179792445,0.006648020126301032,-0.033481454630946074,0.05821799520799235,0.059051193097742316,-0.01111292716054724,0.20758720176190038,-0.007029696755868656,0.0,0.0,0.0,0.0,0.0,0.0,0.0,0.7252558048737402,-0.07015180399129839
-0.17673194342186363,0.5320592350526321,-0.06161272127195212,-1.3793031122427435,-0.042197307847457434,0.3521608121539906,-0.13252031179792445,-0.9928422603793043,0.9928422603793055,1.1680537287831927,0.37416211687321316,0.1504605380189965,-1.576902516847142,-1.5769025168471416,0.0,0.0,0.0,0.0,0.0,0.0,0.0,1.0702406167984009,-0.2666475772857666
-0.10213683758162805,0.15459782649920706,0.011196479733396771,-1.7197612469508023,-0.005942615114578465,0.8354419565325513,-0.13277091959026951,0.016015338741206125,-0.05451563710688587,0.04301830218078425,0.06619138832721093,-0.018137702444108533,0.23675014397997554,-0.009147115664534118,0.0,0.0,0.0,0.0,0.0,0.0,0.0,0.7218859054832649,-0.06833888978130293
-0.1810713262270548,0.07267429756782534,-0.07100476005414362,-1.6572155372776154,-0.06010091884984496,0.8184153913283575,-0.13277091959026954,-1.0971452753670616,1.097145275367062,-7.003767134154641e-05,0.2241251646842845,-1.6456361279348724,-1.742563965208638,-1.7425639652086389,0.0,0.0,0.0,0.0,0.0,0.0,0.0,0.7652993202209473,-0.22816433012485504
-0.1019252832542754,0.1542877331415614,0.011773427270522538,-1.72000609487757,-0.006117640022999131,0.8385634147722175,-0.1329463191675166,0.013732479125461425,-0.0351539401944866,0.038365680637175915,0.039915244640956075,-0.019646638764673922,0.2526275035759886,-0.00655929640222085,0.0,0.0,0.0,0.0,0.0,0.0,0.0,0.7199707807197182,-0.06766341992435346
-0.05820572098795257,0.518271121867162,0.0523899178170484,-1.3861205060270338,0.013930748501831867,0.36863894240178857,-0.1329463191675166,-0.2889613007820379,-0.288961300782038,0.33995563879760143,-0.10087326618016448,-0.3180718155570457,0.458948838761696,-0.458948838761696,0.0,0.0,0.0,0.0,0.0,0.0,0.0,1.094581961631775,-0.0054679447785019875
-0.10176124121245449,0.1542785432797336,0.012314015695173364,-1.7200831630136793,-0.006312756475006426,0.8427338348714793,-0.13300537598480844,0.007099681638081381,-0.020600075690110138,0.03631427310745986,0.028450590799235717,-0.018590531274381705,0.2709784931652642,-0.0016399049421993426,0.0,0.0,0.0,0.0,0.0,0.0,0.0,0.7174398872977097,-0.06700977410752024
-0.0045200090918494345,0.20794672797304425,0.11274191137353083,-1.58582287282426,0.05621482031593645,0.673847123493915,-0.1330053759848084,1.113075410353766,1.113075410353765,-0.5437736250029251,0.3841087423853658,-1.3711909727658664,-1.7678653357855219,-1.7678653357855223,0.0,0.0,0.0,0.0,0.0,0.0,0.0,0.8849247097969055,0.12204363942146301
-0.1016422871962461,0.15429758758953593,0.012802240262872215,-1.7201522959864506,-0.00649927466700123,0.8465962818572211,-0.13303905577776495,0.003330876615340816,-0.016362952513935537,0.03581558310440927,0.0064334360027567435,-0.017905741957071623,0.2091461656743403,-0.0007192788642519686,0.0,0.0,0.0,0.0,0.0,0.0,0.0,0.7150807326430497,-0.06644275638583695
0.03479156617472831,0.45873683103861407,0.14427606949004254,-1.4299204794013045,0.06499722260955079,0.43123282017804976,-0.13303905577776493,0.3210463658481721,0.3210463658481721,0.3688990559003817,0.08267989897204511,-0.3376510592948683,-0.5099086154302089,-0.5099086154302093,0.0,0.0,0.0,0.0,0.0,0.0,0.0,1.0354576110839844,0.2027098387479782
-0.10077630651443131,0.15099763812036548,0.01475837456254592,-1.7178385624013865,-0.007745278100531724,0.8599412595996208,-0.1373380112648883,0.023678109929189374,-0.01752327403812118,0.0172811939920722,0.07588806257629022,-0.020444801975504776,0.03970481108322732,-0.13883443164112189,0.0,0.0,0.0,0.0,0.0,0.0,0.0,0.7098233303432457,-0.0645563888036689
-0.12405652380193712,0.15068131407720012,-0.009538499539002447,-1.6097956037461632,-0.024391865426280232,0.7443329994267496,-0.1373380112648883,0.5695190387703878,-0.5695190387703875,-0.252810488065672,-0.17134942427409441,-0.6471384476424287,0.9045505428891474,-0.9045505428891473,0.0,0.0,0.0,0.0,0.0,0.0,0.0,0.8428401947021484,-0.12456734478473663
-0.0996023165312844,0.15022243928852785,0.016049407832680607,-1.7146419470808867,-0.00861568818094865,0.863273342312344,-0.14587781402614555,0.010663065795033413,-0.034115204556868166,0.020639418783308463,0.06692509371805774,-0.0016511264991267759,0.04491485501846185,-0.15508890350413523,0.0,0.0,0.0,0.0,0.0,0.0,0.0,0.71047793562724,-0.06325792373735918
-0.07878632166664926,-0.12175911288492541,0.03729512212670214,-1.7283749200749965,0.007969598444127299,1.079191206720351,-0.14587781402614555,-0.3344798690112503,0.3344798690112505,0.3935070794148566,0.08663468091070863,0.04092138224678585,-0.5312446582169451,-0.531244658216945,0.0,0.0,0.0,0.0,0.0,0.0,0.0,0.6414656639099121,-0.023010578006505966
-0.09598693705975149,0.1407062784005999,0.018128674135450572,-1.7078772923275198,-0.007146778597313028,0.871560451902094,-0.16549642476377152,0.039464578421014106,-0.10056325273337444,0.0088393480969265,0.03765809009877996,0.01987369196570713,0.03749994713486805,-0.17510372497234822,0.0,0.0,0.0,0.0,0.0,0.0,0.0,0.7136238706855773,-0.058687617121157
-0.0573184687093175,0.33761593734303025,0.056425400517606035,-1.4980709881753476,0.014787425214411726,0.5568277898326632,-0.16549642476377152,0.03294295463202329,0.039119540236765005,-0.04602314654130532,0.013891531181990524,-0.05983034735038455,-0.062132429207526506,-0.062132429207526485,0.0,0.0,0.0,0.0,0.0,0.0,0.0,0.9788271188735962,0.004872240126132965
-0.09563005891983321,0.14069429049743248,0.0181270783283583,-1.7086189297741847,-0.006848469873572758,0.8714998483282795,-0.16719594385074638,0.038300375702440395,-0.05557066897205269,0.0012242500823659175,0.04005957040552177,-0.0034633468923813996,0.16110680105882294,-0.06847371434204286,0.0,0.0,0.0,0.0,0.0,0.0,0.0,0.7131660030251114,-0.05824304910020374
-0.13164318350946563,0.286728644064597,-0.018958649066266882,-1.5292335607273144,-0.030284772360367532,0.6075496296296045,-0.16719594385074638,0.2889085470766872,-0.28890854707668717,-0.2586486115234119,-0.09625632645235196,-0.40586752202417326,0.458865051584155,-0.45886505158415497,0.0,0.0,0.0,0.0,0.0,0.0,0.0,0.9326022863388062,-0.1534879207611084
-0.09514658810535541,0.14071580903302972,0.0181781999144715,-1.7081695563288297,-0.006863380005756478,0.8744109777451788,-0.16803220756770781,0.038943052425773596,-0.04277050453504956,-0.0003268096118377985,0.04099599091571643,-0.013913708296012083,0.18294209016979757,-0.024448225986354353,0.0,0.0,0.0,0.0,0.0,0.0,0.0,0.7117459638040284,-0.05776262392680187
0.011107910291961032,0.27429956545011763,0.12600534370068453,-1.5375373803566952,0.06002398103678227,0.6261500887988642,-0.16803220756770776,-1.0462665349330882,0.8653055161212847,-1.2309060323064562,0.23175749529300488,-1.6001847114578138,-1.6617547399710944,-1.6617547399710946,0.0,0.0,0.0,0.0,0.0,0.0,0.0,0.9215172529220581,0.15312513709068298
-0.09451317520638736,0.13999108258706427,0.018357623034161337,-1.7074729651699083,-0.0070338605413396175,0.8770292072777249,-0.16823137907738075,0.03952106323014371,-0.05665679079607168,0.0034475673404548808,0.031592744346358614,-0.009528410432831022,0.12914674457046504,-0.007061677144501727,0.0,0.0,0.0,0.0,0.0,0.0,0.0,0.7109141476208347,-0.057209097856006044
-0.17789938776034528,0.9013955386798792,-0.0508414882456762,-1.0624163080661013,-0.04047789856976953,0.08102436128998032,-0.16823137907738075,0.9040187301719275,-0.9040187301719275,-0.7773677862000534,-0.3693804202377256,-1.367802555905353,1.4358266844326835,-1.4358266844326835,0.0,0.0,0.0,0.0,0.0,0.0,0.0,1.2612767219543457,-0.27832868695259094
-0.09331830401245018,0.13765612265280042,0.01876378592710637,-1.706379876819053,-0.007191209017966493,0.8815196019928071,-0.16848643659809928,0.02125897418956929,-0.030524425260254676,0.006456515217114582,0.04563620582310496,-0.0017507373272127537,0.10757531560980527,-0.013326073364252875,0.0,0.0,0.0,0.0,0.0,0.0,0.0,0.7097557764833982,-0.056069357322945906
-0.09958084675447461,0.6579919845394462,0.01054317569664524,-1.2669160734245326,-0.01270638077978906,0.26988609278393016,-0.16848643659809928,-0.9493227501768299,-0.9493227501768331,1.1168541292139769,-0.3311045396058327,0.9709044589426652,1.5077817431765945,-1.5077817431765936,0.0,0.0,0.0,0.0,0.0,0.0,0.0,1.1676536798477173,-0.10783084481954575
-0.10840980147089564,0.4554998258221338,-0.18799975356813906,-1.4948624266254176,0.012469248239361441,0.26543320448864965,-0.003039102716370124,0.30549919859556623,-0.8108711906598598,-0.44054723265409146,0.33231028841911947,-1.0994582231907781,1.6432525776925595,-1.1304395974851718,0.0,0.0,0.0,0.0,0.0,0.0,0.0,1.0448488680384829,-0.3095125425747778
-0.035008143960291,0.515868057630154,-0.11307540125076297,-1.4684953123188205,0.024931456603463187,0.23680486007303544,-0.003039102716370099,1.0047718765985543,-1.0047718765985536,-0.42276692395849763,-0.32039562692976103,-1.4303979558496578,1.595849979693824,-1.5958499796938235,0.0,0.0,0.0,0.0,0.0,0.0,0.0,1.0933133363723755,-0.15385802090168
0.007538108545131488,0.47540216605042923,-0.10055313630304041,-1.4031492355803374,0.11144988772789896,0.48007540402357873,-0.21161240020475142,-0.159975957422208,0.02823981011115064,0.006314960981365237,-0.023552757294245965,-0.04242026642962602,0.01750018169281886,-0.35639686076285265,0.0,0.0,0.0,0.0,0.0,0.0,0.0,1.04273188409018,-0.0612822119996284
0.08796637302864338,0.42593766101796776,-0.02270233384949125,-1.419001757633041,0.13476768037037856,0.5140242478575678,-0.2116124002047514,-0.0031538447636947353,-0.003153844763694734,0.00020082186145534665,-0.0008518351109251662,-0.004823564555181291,0.005009160008675906,-0.005009160008675906,0.0,0.0,0.0,0.0,0.0,0.0,0.0,1.0238927602767944,0.11126608401536942
-0.0007083554641281502,0.47654577724432245,-0.10033472618299855,-1.4056584038904862,0.10938079553070333,0.48425841296038574,-0.22992576477946186,-0.14239339670721027,-0.0388109122724644,0.0005231771952936453,-0.04402978124420238,-0.040614227641769376,-0.027779194804932156,-0.33135237359770414,0.0,0.0,0.0,0.0,0.0,0.0,0.0,1.038436418031386,-0.06989279385645522
-0.041093787260296576,0.5559430638207518,-0.1368924401256825,-1.3298846734362062,0.1010456700885576,0.3924752485686223,-0.22992576477946186,1.1539304520946916,-1.1539304520946911,-0.9322725690710101,-0.4386193440365044,-1.6980538643584917,1.8327542116101152,-1.8327542116101154,0.0,0.0,0.0,0.0,0.0,0.0,0.0,1.0974345207214355,-0.16257914900779724
0.07074122534276728,0.524859446474659,-0.2353803846553214,-1.359270466183748,-0.0024464119755732263,0.48827945194181915,-0.5664512999942396,-0.17842402701076393,0.004101559189149211,-0.07447153987009704,0.03957942934407099,0.022834657871185812,0.029523894287124004,-0.14830700910525968,0.0,0.0,0.0,0.0,0.0,0.0,0.0,1.0439292982833814,-0.16799158698508695
-0.00388518545304637,0.3068644521534791,-0.3355447793696777,-1.4878438294462903,-0.03803539110970091,0.6839073810031426,-0.5664512999942396,1.1767989547459756,-1.1868000030517578,-0.7864764917502592,-0.5403440951182784,-1.4748439843057273,1.839053104381755,-1.7741483138470895,0.0,0.0,0.0,0.0,0.0,0.0,0.0,0.8701602816581726,-0.33062610030174255
0.05472567174896573,0.524482360209073,-0.24094290575201655,-1.3577832347802867,-4.311959814824115e-05,0.4923598261482282,-0.5821247167082942,-0.15832813858269046,-0.008856441698790435,-0.04374811591446785,0.0180867515706691,0.026785948466310022,0.049187732917412616,-0.21611219417837754,0.0,0.0,0.0,0.0,0.0,0.0,0.0,1.0393847320560479,-0.1894937724265333
0.052052490577586,0.365334711346923,-0.2617414344384082,-1.4437807049855287,-0.006937117068794782,0.623621971411775,-0.5821247167082942,0.7374587813880851,-0.737458781388085,-0.5368813253552388,-0.3261495096877905,-0.9950707613885807,1.1712843568903109,-1.171284356890311,0.0,0.0,0.0,0.0,0.0,0.0,0.0,0.9524751901626587,-0.2075207382440567
0.007538108545131488,0.47540216605042923,-0.10055313630304041,-1.4031492355803374,0.11144988772789896,0.48007540402357873,-0.21161240020475142,-0.159975957422208,0.02823981011115064,0.006314960981365237,-0.023552757294245965,-0.04242026642962602,0.01750018169281886,-0.35639686076285265,0.0,0.0,0.0,0.0,0.0,0.0,0.0,1.04273188409018,-0.0612822119996284
0.08796637302864338,0.42593766101796776,-0.02270233384949125,-1.419001757633041,0.13476768037037856,0.5140242478575678,-0.2116124002047514,-0.0031538447636947353,-0.003153844763694734,0.00020082186145534665,-0.0008518351109251662,-0.004823564555181291,0.005009160008675906,-0.005009160008675906,0.0,0.0,0.0,0.0,0.0,0.0,0.0,1.0238927602767944,0.11126608401536942
-0.0007083554641281502,0.47654577724432245,-0.10033472618299855,-1.4056584038904862,0.10938079553070333,0.48425841296038574,-0.22992576477946186,-0.14239339670721027,-0.0388109122724644,0.0005231771952936453,-0.04402978124420238,-0.040614227641769376,-0.027779194804932156,-0.33135237359770414,0.0,0.0,0.0,0.0,0.0,0.0,0.0,1.038436418031386,-0.06989279385645522
-0.041093787260296576,0.5559430638207518,-0.1368924401256825,-1.3298846734362062,0.1010456700885576,0.3924752485686223,-0.22992576477946186,1.1539304520946916,-1.1539304520946911,-0.9322725690710101,-0.4386193440365044,-1.6980538643584917,1.8327542116101152,-1.8327542116101154,0.0,0.0,0.0,0.0,0.0,0.0,0.0,1.0974345207214355,-0.16257914900779724
0.07074122534276728,0.524859446474659,-0.2353803846553214,-1.359270466183748,-0.0024464119755732263,0.48827945194181915,-0.5664512999942396,-0.17842402701076393,0.004101559189149211,-0.07447153987009704,0.03957942934407099,0.022834657871185812,0.029523894287124004,-0.14830700910525968,0.0,0.0,0.0,0.0,0.0,0.0,0.0,1.0439292982833814,-0.16799158698508695
-0.00388518545304637,0.3068644521534791,-0.3355447793696777,-1.4878438294462903,-0.03803539110970091,0.6839073810031426,-0.5664512999942396,1.1767989547459756,-1.1868000030517578,-0.7864764917502592,-0.5403440951182784,-1.4748439843057273,1.839053104381755,-1.7741483138470895,0.0,0.0,0.0,0.0,0.0,0.0,0.0,0.8701602816581726,-0.33062610030174255
0.05472567174896573,0.524482360209073,-0.24094290575201655,-1.3577832347802867,-4.311959814824115e-05,0.4923598261482282,-0.5821247167082942,-0.15832813858269046,-0.008856441698790435,-0.04374811591446785,0.0180867515706691,0.026785948466310022,0.049187732917412616,-0.21611219417837754,0.0,0.0,0.0,0.0,0.0,0.0,0.0,1.0393847320560479,-0.1894937724265333
0.052052490577586,0.365334711346923,-0.2617414344384082,-1.4437807049855287,-0.006937117068794782,0.623621971411775,-0.5821247167082942,0.7374587813880851,-0.737458781388085,-0.5368813253552388,-0.3261495096877905,-0.9950707613885807,1.1712843568903109,-1.171284356890311,0.0,0.0,0.0,0.0,0.0,0.0,0.0,0.9524751901626587,-0.2075207382440567
-0.06714959170353317,-0.013875620682504227,-0.009535444121864817,-1.780503060384924,-0.014745242332801417,0.8126161198581857,-0.08619487727298318,-0.20803492570391208,0.6963557019074363,-0.05071495994366596,0.3456974592832602,0.007911938939903454,-0.5399468556188394,-0.28539762335760405,0.0,0.0,0.0,0.0,0.0,0.0,0.0,0.7389081001472305,-0.06389567194825724
0.000193252024239217,0.40111521988170523,0.05593826758980272,-1.5189040251961297,0.01677606273516372,0.3846374322157197,-0.08619487727298318,0.06383194647199951,0.333959080757289,-0.3928943852475962,0.11132868370052681,-0.5107648934929329,-0.5304175053637791,-0.5304175053637792,0.0,0.0,0.0,0.0,0.0,0.0,0.0,1.032715916633606,0.06191181764006615
-0.07008395951906637,-0.0026905965737839274,-0.010425232585248603,-1.7775847608418311,-0.014715639377948569,0.8031289980525324,-0.08966100349041882,-0.19690443665335405,0.6329586296518952,-0.025543602733506143,0.311171294731753,0.05733127231874421,-0.2802820091241605,-0.22465644505745644,0.0,0.0,0.0,0.0,0.0,0.0,0.0,0.7433758983613807,-0.06704642697230936
0.12023585868339864,0.6365354350125481,0.15797491757629237,-1.3451128381437134,0.06014279598190461,0.20050329540453246,-0.08966100349041879,-0.008081987795431895,-0.008081987795431901,0.002790092622070483,-0.0026372375864602586,-0.012360782722794283,0.012836386407318656,-0.012836386407318656,0.0,0.0,0.0,0.0,0.0,0.0,0.0,1.121084213256836,0.31065061688423157
-0.08194239093644584,0.04462564244128655,-0.011039122278717487,-1.7538555562214444,-0.010145544486019637,0.7802722562742149,-0.10724951724558984,-0.10458109442023017,0.6338869529639721,0.025800731345818534,0.35436126896417885,0.07704982100573513,-0.38926553713374573,-0.2874380873963209,0.0,0.0,0.0,0.0,0.0,0.0,0.0,0.7600394110009037,-0.07575511760581519
0.04155415451443413,0.4335417119302142,0.10822279934552087,-1.488971513794584,0.04636310613501923,0.3742757207322813,-0.1072495172455898,-0.9273854062456619,-0.9273854062456621,1.0910454006767627,-0.3657395512574798,1.2473483263740741,1.47293929716227,-1.4729392971622701,0.0,0.0,0.0,0.0,0.0,0.0,0.0,1.0374789237976074,0.16640113294124603
-0.08331620877735695,0.054777541966531854,-0.01087102545926328,-1.7510091376663808,-0.009274210102973428,0.7730192662103557,-0.11051264323603922,-0.10084221463530954,0.582327650668632,0.03853776116339856,0.312884204296476,0.06096833591159716,-0.16181173836921928,-0.1976147318264695,0.0,0.0,0.0,0.0,0.0,0.0,0.0,0.7635294119267266,-0.07658954573587852
-0.08270107023392993,0.542009276165342,-0.008663381122588389,-1.406401068081046,-0.009473845483573724,0.2814740519312243,-0.11051264323603922,0.009811218594713083,-0.03276022769295394,-0.03854157668300927,-0.010545134477542939,-0.050104264781339225,0.05203211785300966,-0.05203211785300965,0.0,0.0,0.0,0.0,0.0,0.0,0.0,1.1102361679077148,-0.10296642035245895
-0.08468300396942557,0.0647808861099801,-0.010429554265735724,-1.746727622437993,-0.008600217922197005,0.7714550930929527,-0.11295312176273231,-0.09624965505911903,0.5296458678495705,0.04896892088433624,0.28954508952957597,0.032116457322712205,-0.0005511930273683213,-0.10029456481256144,0.0,0.0,0.0,0.0,0.0,0.0,0.0,0.7647901844386917,-0.0771191837805046
-0.15254686155872652,0.2865212574813384,-0.0777856798188653,-1.5838658504046657,-0.04420791630062769,0.5091063399298692,-0.11295312176273234,0.5388051813690534,-0.5388051813690533,0.06362482918132317,-0.1582600891488644,-0.5838963476013685,0.8557686155165705,-0.85576861551657,0.0,0.0,0.0,0.0,0.0,0.0,0.0,0.9320880174636841,-0.23460055887699127
-0.08594599290533446,0.07384328663264296,-0.009808002178624748,-1.742371760590659,-0.008321466076246507,0.7714020044719813,-0.11411062796108934,-0.09420908488699657,0.47268520627526833,0.057768425147322416,0.24122529903169435,0.017561773001683573,0.001283776126095982,-0.0386666040546377,0.0,0.0,0.0,0.0,0.0,0.0,0.0,0.7654605983082675,-0.07755932688553213
-0.1258180198624375,0.4720713247889797,-0.04659207326836945,-1.454442989209736,-0.02617847655579639,0.348063879765559,-0.11411062796108934,0.05919499284191335,0.04843524128377436,0.06964140717365912,0.007840823224778101,0.09053421798159882,-0.09401768732275784,-0.09401768732275775,0.0,0.0,0.0,0.0,0.0,0.0,0.0,1.0571439266204834,-0.18878285586833954
-0.08721487380733452,0.08217420114148087,-0.009035071385537176,-1.7388191285458283,-0.00815525602391313,0.7716252790945805,-0.11453663429489364,-0.09117611936058842,0.42325366484490395,0.06372320196080392,0.18844374230218014,0.011556502300321066,0.04065635693845977,-0.01473842775405108,0.0,0.0,0.0,0.0,0.0,0.0,0.0,0.7656103124815073,-0.0778848745279741
-0.2568560397810886,0.00784042518375295,-0.18052261934840141,-1.7301544538290552,-0.11759025085312036,0.8108283076349552,-0.11453663429489375,0.028843217735852772,-0.006586167672942743,0.0016157231644428548,0.0016363723192881429,-0.01789430149716911,0.019483694935462096,-0.04055383573001236,0.0,0.0,0.0,0.0,0.0,0.0,0.0,0.6737871766090393,-0.37790361046791077
-0.08844242896792892,0.08954834083256427,-0.008201836563493901,-1.736583696647572,-0.008045796724899629,0.7725650102957407,-0.11468926524360887,-0.08806046564337476,0.37493446655831536,0.06770231003529728,0.13052488473406623,0.00798561637783688,0.07697341836398897,-0.0064674262186988785,0.0,0.0,0.0,0.0,0.0,0.0,0.0,0.76470010393863,-0.07805343433674362
0.05036616327687361,-0.041041465050439395,0.1318108563391593,-1.7489705269994134,0.08277568586419087,0.8664050511088136,-0.11468926524360881,-0.0945189870136609,0.0945189870136609,0.1111991900706748,0.027260394198948785,-0.125611652094859,-0.15012176098823815,-0.15012176098823812,0.0,0.0,0.0,0.0,0.0,0.0,0.0,0.7174791097640991,0.17369377613067627
-0.08962397449266742,0.0960537585854669,-0.00734972021818079,-1.7355753396262037,-0.007966894306580418,0.7740192474796362,-0.11476368275965117,-0.08495514984552618,0.3332996814137078,0.0696780656595388,0.08165305135599082,0.003882429928454459,0.1170741862821833,-0.0034769725373034717,0.0,0.0,0.0,0.0,0.0,0.0,0.0,0.7628733701890442,-0.07809422476757155
-0.21688528455522893,0.7274069920832826,-0.11383107774121301,-1.2504230864847143,-0.05297445734608994,0.15666327424461166,-0.11476368275965118,-0.4914160889616694,0.5663256552282014,0.6662677644706296,0.2634760048933083,0.8661518121292603,-0.8994785845873245,-0.8994785845873244,0.0,0.0,0.0,0.0,0.0,0.0,0.0,1.1494083404541016,-0.3794497847557068
-0.0907924626128844,0.10199601465472015,-0.006461612335995252,-1.7353322590488016,-0.007934013726937908,0.7760695384844595,-0.11480880553106167,-0.08451245884450098,0.30560770974738666,0.07203544152860347,0.044797148470281434,0.0003555261309945677,0.14338858056778234,-0.0022017294674205657,0.0,0.0,0.0,0.0,0.0,0.0,0.0,0.7603067352518968,-0.07804375135661575
-0.1508774747160934,0.7256738117148216,-0.05613484079538868,-1.248446164949516,-0.029449765590125996,0.15694573946284224,-0.11480880553106167,0.12251173550490439,-0.11249448049316213,0.14413194843411864,-0.10810102769168498,0.18737233733816083,0.05011271012184158,-0.1945818301360268,0.0,0.0,0.0,0.0,0.0,0.0,0.0,1.186592936515808,-0.2423110008239746
-0.0935213773489162,0.1133465180348305,-0.00431070117879488,-1.734206014298381,-0.00788181448296951,0.7819536506904413,-0.11495369022459079,-0.07518731156655373,0.27912821257692255,0.05541041388620148,0.0654248133983051,0.002152318961262878,0.1387508099976986,-0.009738899218437456,0.0,0.0,0.0,0.0,0.0,0.0,0.0,0.7546250863973535,-0.0778921474132567
0.15731257903451853,0.014815759703356276,0.24906624495561286,-1.7172686491460945,0.16720523667813866,0.8338162772181096,-0.11495369022459069,-1.1069699961601476,0.25029761661670424,0.8925470110284821,0.23960357803205462,0.5252601434517368,0.13588718875608366,-1.4643899745724553,0.0,0.0,0.0,0.0,0.0,0.0,0.0,0.6698179841041565,0.3783642649650574
-0.09447777978504565,0.11832247710974579,-0.0035642807657172942,-1.7346997049704442,-0.007871674515963503,0.7838212053620911,-0.11513612461430474,-0.0732999956648924,0.2551393044279337,0.06550347562331212,0.03455075233038918,0.004658124501138866,0.1746106880313455,-0.008128019975292212,0.0,0.0,0.0,0.0,0.0,0.0,0.0,0.7518271361621662,-0.07776506721893048
-0.22006961427201477,0.8688236428732047,-0.10152860634969803,-1.1210026753478997,-0.047872635085634226,0.06172289052756225,-0.1151361246143048,0.12151843898906228,-0.127418748787278,-0.14990492505930314,-0.0587824583468334,-0.19487723916881808,0.20237549676764388,-0.20237549676764385,0.0,0.0,0.0,0.0,0.0,0.0,0.0,1.2205009460449219,-0.37645748257637024
-0.09828200099350005,0.13313323380575534,-0.0007060813027457413,-1.7322131520728115,-0.00777904116236798,0.7917983872536167,-0.11706345463365951,-0.07248156868108352,0.2724034920764914,0.03923961185605134,0.10619959047004911,0.0008070808582095268,0.03040925627044265,-0.1207274436106264,0.0,0.0,0.0,0.0,0.0,0.0,0.0,0.7446659998223376,-0.07768218508379335
-0.05855088610092153,0.2632066228445506,0.039963311080734955,-1.5761712438231819,0.014216617530717606,0.5697052028418741,-0.11706345463365948,-0.25364267738270374,-0.06218675240641721,-0.2984041744780618,-0.22380740896812412,-0.38792709216011206,-0.3016350162980034,-0.4028532953380015,0.0,0.0,0.0,0.0,0.0,0.0,0.0,0.9403440356254578,-0.011632316745817661
-0.09908975611096313,0.13766247641246712,-0.0002890862422758178,-1.732708182771925,-0.007773496177599293,0.7916768210168319,-0.11824483662639221,-0.07284805902529246,0.25176198239739056,0.04674272029516108,0.07050135833819049,0.011228607230682548,0.11999778905471192,-0.043790270412000225,0.0,0.0,0.0,0.0,0.0,0.0,0.0,0.7430484909149546,-0.07779891978537168
0.0949708749252427,0.05288968636154631,0.19863125746837837,-1.690421084021353,0.12246858544499896,0.8024042803053455,-0.11824483662639214,-0.5572911794661781,-0.354536041318894,-0.009322976259006847,0.03040230927501907,-0.8309895656148496,0.6532586833063299,-0.8565284243556377,0.0,0.0,0.0,0.0,0.0,0.0,0.0,0.7395936846733093,0.28663864731788635
-0.10116834282565774,0.1466006576403066,0.0009660426733247459,-1.7302270898281356,-0.007462772980512024,0.7977597074294641,-0.11978536857629997,-0.046882901650946635,0.18169409521949345,0.031712925490858045,0.09263041342044047,0.013256643198359602,0.1166545112189405,-0.10335530620002369,0.0,0.0,0.0,0.0,0.0,0.0,0.0,0.7385358731751646,-0.07779244142785507
0.10624895973529352,0.15502061740289677,0.21381608991478043,-1.636422142541674,0.12565456144289444,0.7023586985127288,-0.11978536857629989,0.12564833726242952,0.1256483372624295,-0.10426845726603838,0.050389305333350794,-0.1748369708829474,-0.1995636035789694,-0.19956360357896938,0.0,0.0,0.0,0.0,0.0,0.0,0.0,0.7967141270637512,0.325428307056427
-0.1017538488095173,0.14991319760882763,0.001270257200235058,-1.730024785468436,-0.007309442476628255,0.7990276727767281,-0.12104530745079016,-0.04660221180335043,0.16241562672887894,0.03631585944670461,0.06347336523980829,0.005594428318197522,0.1516511311455529,-0.037868703553257076,0.0,0.0,0.0,0.0,0.0,0.0,0.0,0.7369229045747322,-0.07775835524804973
0.1034678573347841,0.04363462300815116,0.21202949937997265,-1.689258475193441,0.13486073870145718,0.826570805401329,-0.1210453074507901,-0.011794332270429801,0.059086799893740306,0.05866450965605879,0.03136795422050017,0.09125722633032869,-0.036973631892469654,-0.09972284771714254,0.0,0.0,0.0,0.0,0.0,0.0,0.0,0.7207458019256592,0.3062950372695923
-0.10343875835688963,0.15450579561680064,0.004497866758315145,-1.7245544590540294,-0.00554262694199526,0.8119094832235922,-0.1291583370289357,0.007979561592365387,-0.02208798191549774,0.06494987838759914,0.09722816924685147,0.0492191003432793,0.11886002278658041,-0.2264511052179969,0.0,0.0,0.0,0.0,0.0,0.0,0.0,0.7319960794024218,-0.07518009082348184
-0.17846107180362886,0.24611127553690387,-0.07271953461129979,-1.5744248817545532,-0.051222796875021556,0.6118659681541976,-0.1291583370289357,0.010469861477684365,-0.010469861477684363,0.0051323796865075854,-0.00310232308696068,-0.008703800610008292,0.016628976801303708,-0.0166289768013037,0.0,0.0,0.0,0.0,0.0,0.0,0.0,0.8897161483764648,-0.2500171363353729
-0.10329737420702853,0.15505747354045674,0.005138040757088017,-1.725264924250774,-0.005026066577993089,0.8124628746131917,-0.13118728016540507,-0.00018931628983550025,0.012313664128297892,0.061983600039446016,0.07529938613802574,0.0006602554994036499,0.21326992741104403,-0.06921350599381496,0.0,0.0,0.0,0.0,0.0,0.0,0.0,0.7310726612159282,-0.07423564654667347
0.05730226903402101,0.43960250917595045,0.16160251891666794,-1.4547245706442589,0.07763131228620594,0.4314260844085075,-0.13118728016540504,-0.33341352334897306,-0.3334135233489733,0.3922525507986806,-0.12392034204672217,-0.3012393194603306,0.5295510123823776,-0.5295510123823775,0.0,0.0,0.0,0.0,0.0,0.0,0.0,1.0156365633010864,0.2456798106431961
-0.10314555997256099,0.15588770790688894,0.006069247071624853,-1.7244683962369418,-0.0049955733881170755,0.8164303254841879,-0.13203233023725336,0.00047457112021702917,0.016974348960031582,0.06380725605651258,0.07534007732531656,-0.015217352111140997,0.2475391956991289,-0.02809120177270862,0.0,0.0,0.0,0.0,0.0,0.0,0.0,0.7291040211132418,-0.07320026266927614
0.09881205939848596,0.6050906650857817,0.1892672019923073,-1.335231816241307,0.0853656710327114,0.292819788727341,-0.13203233023725336,-0.6300214260206608,-0.6300214260206616,-0.16597122514296392,-0.14768834622993376,-0.9635696260452277,1.0006447267666234,-1.0006447267666232,0.0,0.0,0.0,0.0,0.0,0.0,0.0,1.0927257537841797,0.3237191438674927
-0.10290282264265466,0.156346185942649,0.00712898941384038,-1.7231997410797912,-0.005196954740220458,0.8202786963912159,-0.1323351179068084,0.005485969936306384,0.006611543620770994,0.06367228313618001,0.06726543887617419,-0.013705973103201749,0.19361997648668255,-0.011012005974988855,0.0,0.0,0.0,0.0,0.0,0.0,0.0,0.7276610718265333,-0.0721672771474128
0.010866473607728341,0.01063961885905575,0.12504090441891452,-1.6920970738235255,0.07395726421511706,0.8790773241509064,-0.13233511790680835,0.9814446333012231,0.981444633301223,-0.3876756220205739,0.29337856024305814,-1.0119218474252907,-1.5587999968973487,-1.558799996897349,0.0,0.0,0.0,0.0,0.0,0.0,0.0,0.7427222728729248,0.14007945358753204
-0.10249710133948844,0.15575244478492944,0.009311814454355544,-1.7211915100521424,-0.005586139036822727,0.827350948757676,-0.13256596908765433,0.006950991043122162,-0.03655606298216496,0.05776452611333683,0.059654020387695184,-0.011475650782707555,0.2106866879185568,-0.007429882325791554,0.0,0.0,0.0,0.0,0.0,0.0,0.0,0.7252209306832982,-0.07016110618496438
-0.17918122935839068,0.533915136445941,-0.06396644310294636,-1.3779459620162027,-0.04342134446668589,0.3507390924223741,-0.13256596908765433,-0.994985057236169,0.994985057236164,1.170574674917897,0.37965285277904254,0.2765730935014528,-1.5803058588396364,-1.5803058588396366,0.0,0.0,0.0,0.0,0.0,0.0,0.0,1.0699383020401,-0.2720969021320343
-0.10205274089715488,0.1542480104701881,0.011134784292293944,-1.7197135179889131,-0.00601264120329456,0.8357651739287679,-0.13282531321740643,0.016647566273605866,-0.05688777897975627,0.04243144578984854,0.06750227132900014,-0.018365444542664096,0.2405402913036706,-0.009150394856995352,0.0,0.0,0.0,0.0,0.0,0.0,0.0,0.7218314220260171,-0.06835671635185062
-0.1829247260080991,0.07732442705375771,-0.07307630144861553,-1.654938793015191,-0.06146180314527694,0.8133324870576543,-0.13282531321740645,-1.0977769771381671,1.0977769771381674,0.08453382121308527,0.22420463363504964,-1.6456670618001774,-1.743567278778684,-1.7435672787786844,0.0,0.0,0.0,0.0,0.0,0.0,0.0,0.7674475908279419,-0.23257412016391754
-0.1018254603875825,0.15387570959020475,0.0117110538903614,-1.7199116063855853,-0.006199108499857774,0.8389963198761275,-0.13300208716671566,0.01510955531382262,-0.038874516663587315,0.037825373012950816,0.042676921421188174,-0.0202397245228803,0.25877082752900055,-0.006753049826448566,0.0,0.0,0.0,0.0,0.0,0.0,0.0,0.7199036095629752,-0.06767569231682175
-0.059236689370825914,0.5163613123171582,0.051294289412744096,-1.387390901097681,0.013333155154741577,0.3704579778372642,-0.13300208716671566,-0.28744903967332636,-0.28744903967332647,0.33817650197253374,-0.10009797027316611,-0.3173947115114211,0.45654695837885845,-0.4565469583788584,0.0,0.0,0.0,0.0,0.0,0.0,0.0,1.0934383869171143,-0.007820558734238148
-0.10164506772970454,0.15381123646212397,0.01224109547021452,-1.719945903729539,-0.006400237466643147,0.8432526516724358,-0.13306553615529212,0.008553177163781333,-0.023806315262474786,0.03529137353474685,0.030752507816814698,-0.01896975229468193,0.2760995034119219,-0.001811152406903124,0.0,0.0,0.0,0.0,0.0,0.0,0.0,0.7173689778031278,-0.06702180277357192
-0.004622018730457095,0.20905776304632923,0.11241749615783574,-1.5850892381515,0.055959396863223924,0.6728637426713125,-0.13306553615529212,1.1125090058683187,1.1125090058683185,-0.5387620771275993,0.3837868244086175,-1.3689524324435633,-1.7669657319971892,-1.7669657319971885,0.0,0.0,0.0,0.0,0.0,0.0,0.0,0.8857251405715942,0.12160411477088928
-0.10151120981337447,0.1537840951881757,0.012717227047456389,-1.7199829796344832,-0.006590280227370733,0.84717736447882,-0.1331003573066651,0.004523027943741147,-0.019185614150163628,0.034862709780239025,0.008203445480798436,-0.01805177710804488,0.21288542173809782,-0.0007377294681689451,0.0,0.0,0.0,0.0,0.0,0.0,0.0,0.7150097461979356,-0.06645578956384135
0.03455319236908159,0.4572640100500244,0.1439045721880334,-1.4307884326588802,0.06483427310407656,0.4327745949396387,-0.1331003573066651,0.31597526133495546,0.31597526133495524,0.3717368779855691,0.07995606801966997,-0.3124254147309266,-0.5018543274640308,-0.5018543274640305,0.0,0.0,0.0,0.0,0.0,0.0,0.0,1.034664511680603,0.20201033353805542
-0.100557284514541,0.15029436649022837,0.014600621481237693,-1.7175626694386996,-0.007841917671679487,0.8607723623010584,-0.1374022380310952,0.024958275517512975,-0.019241344932893985,0.01623160517335502,0.07641870547878908,-0.02051225384624673,0.04209215767879578,-0.13894978802834038,0.0,0.0,0.0,0.0,0.0,0.0,0.0,0.709735472046016,-0.0645660057153247
-0.12472034333227607,0.15178635154162154,-0.010611338774001984,-1.609023309206447,-0.025111819042625282,0.743522987788988,-0.1374022380310952,0.5649207742337305,-0.5649207742337304,-0.252920754455131,-0.17052244414204076,-0.6431616356934833,0.8972472529201918,-0.8972472529201914,0.0,0.0,0.0,0.0,0.0,0.0,0.0,0.8432626724243164,-0.12645778059959412
-0.0992713476305945,0.14941589988986928,0.01586195456861659,-1.7143136048805676,-0.008716157783772023,0.8642276596648493,-0.14597832814715286,0.012409256774771572,-0.03506650741816156,0.02123021371432088,0.06785055324837252,-0.001418642163498967,0.045182881128886666,-0.15578453288677335,0.0,0.0,0.0,0.0,0.0,0.0,0.0,0.7103883123580149,-0.06321339873344282
-0.08014742433092133,-0.12040851822732325,0.03539384175830119,-1.7276626562375723,0.0065218118351764815,1.077931353241652,-0.14597832814715286,-0.33376534427608434,0.3337653442760846,0.3926664591929701,0.08652171775105238,0.02110728249975543,-0.5301097993393604,-0.5301097993393604,0.0,0.0,0.0,0.0,0.0,0.0,0.0,0.6422778367996216,-0.025929583236575127
-0.09562385240223789,0.13988168586337613,0.017877344833323865,-1.7074515883706511,-0.007275366554638166,0.8725081077502441,-0.16572423399315808,0.037189573729688355,-0.09969300516231679,0.0068079794480575394,0.03800806185093987,0.018561386016047007,0.03682059762156276,-0.17643271020603213,0.0,0.0,0.0,0.0,0.0,0.0,0.0,0.7136018427905482,-0.05868767764811021
-0.054657454758695205,0.3477020244254542,0.05832778370038644,-1.4914380455196574,0.01577890120101242,0.5474709262259677,-0.16572423399315808,0.019558440671487116,0.04048809784938712,-0.04763321984929219,0.01454373269275146,-0.061923451636289366,-0.06430606950258165,-0.06430606950258166,0.0,0.0,0.0,0.0,0.0,0.0,0.0,0.9853065609931946,0.009539363905787468
-0.09529182672903326,0.13986613194153696,0.017861016029527877,-1.708182468228125,-0.006994047532546373,0.8724502934746375,-0.16745300565786056,0.036336487221152104,-0.055339271979341326,-0.00015346204208251124,0.040541366516082394,-0.002715717479970283,0.16069429053433187,-0.0718530391296515,0.0,0.0,0.0,0.0,0.0,0.0,0.0,0.71314841968896,-0.05828108008426826
-0.13076266099528697,0.29545290469315133,-0.018624407616746188,-1.523717349781271,-0.029988960722488977,0.599102268549579,-0.16745300565786056,0.2915645000372359,-0.2915645000372357,-0.2548135593962801,-0.09727335121546822,-0.4078555566175479,0.46308342450727824,-0.4630834245072783,0.0,0.0,0.0,0.0,0.0,0.0,0.0,0.9385833144187927,-0.15294885635375977
-0.09483574372244527,0.13988567910469737,0.017897383188119884,-1.7077238584155385,-0.007007293668876164,0.875370006556435,-0.1683334390115634,0.036874753078112124,-0.042718224755942155,-0.0012423681083467667,0.0417523660126988,-0.012793041975313085,0.18376879250382389,-0.025664462482911696,0.0,0.0,0.0,0.0,0.0,0.0,0.0,0.7117279493503368,-0.05783085312189398
0.014730743322527114,0.2836125914704593,0.12885225481553164,-1.5319409678954228,0.06156844368532352,0.6171982222448259,-0.1683334390115634,-1.045462544436404,-0.2554464660384729,-1.2299601578860828,-0.922487751895531,-1.5989550694325767,-1.4598666980228157,-1.6604777852237618,0.0,0.0,0.0,0.0,0.0,0.0,0.0,0.9265229105949402,0.16020414233207703
-0.09420394824566837,0.13914764455361384,0.018063747596997755,-1.7070017159387716,-0.007183680589580652,0.878081134513684,-0.1685483077144175,0.04019512920889541,-0.05640001742995919,0.003603731859713081,0.0335424193527478,-0.009651660587950727,0.13447553915363444,-0.008054961836710192,0.0,0.0,0.0,0.0,0.0,0.0,0.0,0.7108602996082072,-0.057289165899210424
-0.1792258381234983,0.903168366121169,-0.052243048605547175,-1.0606247309614383,-0.041196423973043086,0.08016731685682212,-0.1685483077144175,0.9056049454034113,-0.905604945403411,-0.6417024194677308,-0.3654063454927347,-1.3626940753502468,1.4383460240001114,-1.4383460240001111,0.0,0.0,0.0,0.0,0.0,0.0,0.0,1.2613542079925537,-0.2813997268676758
0.0619398658038854,-0.21199356167976305,0.03837177797265884,-1.9252002393146976,0.08193981522243822,0.8387006496695587,-0.30576338459001484,-0.018301412282756606,-0.17700475983746694,-1.069595914262842,0.18669535019733174,-1.3126266604087202,0.5640252963125111,-1.4298548443099481,0.0,0.0,0.0,0.0,0.0,0.0,0.0,0.670929348128001,0.1060835437677398
0.016156268750284197,-0.19886492532611547,-0.0033805150243098464,-1.9187484040528926,0.04908939285883732,0.8183097929363455,-0.30576338459001484,-0.6364402764033981,-0.32102602890292,-0.7487558373238341,-0.5615776126266141,-0.9733867671891409,-0.6168241815870934,-1.010839600340937,0.0,0.0,0.0,0.0,0.0,0.0,0.0,0.69025719165802,0.0328516960144043
0.10459103822713639,-0.27943500287687434,-0.06959362403510604,-1.9360835580215108,-0.06882684722994563,1.0157655300469177,-0.5126793813926964,0.3464328103249942,-0.08537295778607211,0.4003821983417163,-0.003121489316909113,0.3542161828377127,0.07223665486611194,0.19947754643309226,0.0,0.0,0.0,0.0,0.0,0.0,0.0,0.5846816484503432,-0.012608298756363372
0.2115936052557123,-0.08884360418193407,0.02375224886957135,-1.8520082814298893,0.017933701373222102,0.7465363007818773,-0.5126793813926964,-1.136115105322801,1.1361151053228016,1.3366105957176162,0.175783537304555,0.7635572590672948,-1.8044586139263856,-1.8044586139263856,0.0,0.0,0.0,0.0,0.0,0.0,0.0,0.7263401746749878,0.18201376497745514
0.07448453609539465,0.5786464458938937,0.1584975377513892,-1.4314252560420295,0.023868594004767495,0.19001698464312147,-0.5904591367565769,0.3843152194531503,1.0645060337581134,-0.32558630554758544,1.0155152065302817,-0.5234455237031723,-0.7128392416457674,1.01318994828062,0.0,0.0,0.0,0.0,0.0,0.0,0.0,1.1028368048626025,0.253239153721783
-0.23019541031897744,-0.14322410043787662,-0.12119769597428039,-1.878034255233941,-0.09088180045600568,0.7980342993502862,-0.5904591367565769,1.18415192980141,0.38019415535038364,1.3931247009186827,-0.5251945003960883,1.811069885966162,-1.8807541066189732,-1.8807541066189717,0.0,0.0,0.0,0.0,0.0,0.0,0.0,0.6585425138473511,-0.2829969525337219
